Workbook

Sheet CÁRNICOS
E1: MIÉRCOLES | F1: VIERNES | H1: JUEVES | O1: DÍAS DIFERENCIAL | T1: PRESENTACIÓN | U1: =++CÁRNICOS!CE$10 -> 0 | AC1: =++CÁRNICOS!CF$10 -> 0 | AK1: =++CÁRNICOS!CG$10 -> 0 | AS1: =++CÁRNICOS!CH$10 -> 1 | BA1: =++CÁRNICOS!CI$10 -> 0 | BI1: =++CÁRNICOS!CJ$10 -> 0
D2: CANT. SEDES | E2: =+COUNTA(E$8:E$77) -> 0 | F2: =+COUNTA(F$8:F$77) -> 0 | G2: =+COUNTA(G$8:G$77) -> 0 | H2: =+COUNTA(H$8:H$77) -> 0 | I2: =+COUNTA(I$8:I$77) -> 0 | J2: =+COUNTA(J$8:J$77) -> 0 | O2: DÍAS ESTÁNDAR | T2: PRESENTACIÓN | U2: =+VLOOKUP($N5,CÁRNICOS!$CD$13:$CJ$48,2,FALSE) -> #N/A | AC2: =+VLOOKUP($N5,CÁRNICOS!$CD$13:$CJ$48,3,FALSE) -> #N/A | AK2: =+VLOOKUP($N5,CÁRNICOS!$CD$13:$CJ$48,4,FALSE) -> #N/A | AS2: =+VLOOKUP($N5,CÁRNICOS!$CD$13:$CJ$48,5,FALSE) -> #N/A | BA2: =+VLOOKUP($N5,CÁRNICOS!$CD$13:$CJ$48,6,FALSE) -> #N/A | BI2: =+VLOOKUP($N5,CÁRNICOS!$CD$13:$CJ$48,7,FALSE) -> #N/A | CD2: POLLO DIF | CG2: 90
D3: MENÚ | E3: 8 | F3: 10 | H3: 9 | I3: -- | J3: -- | T3: g | CD3: ROJA DIF | CG3: 70
E4: =+$Z$7 -> CERDO 1 | F4: =+$AH$7 -> CERDO 2 | G4: =+$AP$7 -> RES | H4: =+$AX$7 -> POLLO 1 | I4: =+$BF$7 -> POLLO 2 | J4: =+$BN$7 -> POLLO 3 | K4: OBSERVACIÓN | O4: PRESENTACIÓN BOLSA | T4: =+CONSOLIDADO!$B$8 -> 1000 | U4: =+CONSOLIDADO!D$7 -> CERDO 1 | AA4: 10 | AC4: =+CONSOLIDADO!I$7 -> CERDO 2 | AI4: 10 | AK4: RES | AQ4: 9 | AS4: =+CONSOLIDADO!S$7 -> POLLO 1 | AY4: 10 | BA4: =+CONSOLIDADO!X$7 -> POLLO 2 | BG4: 10 | BI4: =+CONSOLIDADO!AC$7 -> POLLO 3 | BO4: 10 | CD4: POLLO | CE4: 60 | CF4: 75 | CG4: 110 | CH4: 125
T5: DIFERENCIAL | U5: 45 | V5: 45 | W5: 60 | X5: 75 | Y5: 90 | Z5: TOTAL | AA5: TOTAL | AB5: TOTAL | AC5: 45 | AD5: 45 | AE5: 60 | AF5: 75 | AG5: 90 | AH5: TOTAL | AI5: TOTAL | AJ5: TOTAL | AK5: 45 | AL5: 45 | AM5: 60 | AN5: 75 | AO5: 90 | AP5: TOTAL | AQ5: TOTAL | AR5: TOTAL | AS5: 54 | AT5: 54 | AU5: 65 | AV5: 80 | AW5: 100 | AX5: TOTAL | AY5: TOTAL | AZ5: TOTAL | BA5: 54 | BB5: 54 | BC5: 65 | BD5: 80 | BE5: 100 | BF5: TOTAL | BG5: TOTAL | BH5: TOTAL | BI5: 54 | BJ5: 54 | BK5: 65 | BL5: 80 | BM5: 100 | BN5: TOTAL | BO5: TOTAL | BP5: TOTAL | CD5: ROJA | CE5: 52 | CF5: 65 | CG5: 80 | CH5: 100
D6: SUBTOTALES | E6: =+SUBTOTAL(3,E$7:E$77) -> 0 | F6: =+SUBTOTAL(3,F$7:F$77) -> 0 | G6: =+SUBTOTAL(3,G$7:G$77) -> 0 | H6: =+SUBTOTAL(3,H$7:H$77) -> 0 | I6: =+SUBTOTAL(3,I$7:I$77) -> 0 | J6: =+SUBTOTAL(3,J$7:J$77) -> 0 | N6: SEMANA 3 CONSUMO | O6: 20 AL 24 ABRIL | T6: ESTÁNDAR | U6: 45 | V6: 45 | W6: 60 | X6: 75 | Y6: 90 | Z6: TOTAL | AA6: =+Z$7 -> CERDO 1 | AC6: 45 | AD6: 45 | AE6: 60 | AF6: 75 | AG6: 90 | AH6: TOTAL | AI6: =+AH$7 -> CERDO 2 | AK6: 45 | AL6: 45 | AM6: 60 | AN6: 75 | AO6: 90 | AP6: TOTAL | AQ6: =+AP$7 -> RES | AS6: 54 | AT6: 54 | AU6: 65 | AV6: 80 | AW6: 100 | AX6: TOTAL | AY6: =+AX$7 -> POLLO 1 | BA6: 54 | BB6: 54 | BC6: 65 | BD6: 80 | BE6: 100 | BF6: TOTAL | BG6: =+BF$7 -> POLLO 2 | BI6: 54 | BJ6: 54 | BK6: 65 | BL6: 80 | BM6: 100 | BN6: TOTAL | BO6: =+BN$7 -> POLLO 3 | BR6: ETIQUETAS
B7: N° | C7: APS | D7: DIF | L7: RUTA | M7: MUNICIPIO | N7: INSTITUCION | O7: SEDE | P7: APS - R1 | Q7: APS - R1 | R7: APS - R2 | S7: APS - R3 | T7: APS - R4 | U7: G0 | V7: G1 | W7: G2 | X7: G3 | Y7: G4 | Z7: =+U$4 -> CERDO 1 | AA7: BOLSAS | AB7: PESO | AC7: G0 | AD7: G1 | AE7: G2 | AF7: G3 | AG7: G4 | AH7: =+AC$4 -> CERDO 2 | AI7: BOLSAS | AJ7: PESO | AK7: G0 | AL7: G1 | AM7: G2 | AN7: G3 | AO7: G4 | AP7: =+AK$4 -> RES | AQ7: BOLSAS | AR7: PESO | AS7: G0 | AT7: G1 | AU7: G2 | AV7: G3 | AW7: G4 | AX7: =+AS$4 -> POLLO 1 | AY7: BOLSAS | AZ7: PESO | BA7: G0 | BB7: G1 | BC7: G2 | BD7: G3 | BE7: G4 | BF7: =+BA$4 -> POLLO 2 | BG7: BOLSAS | BH7: PESO | BI7: G0 | BJ7: G1 | BK7: G2 | BL7: G3 | BM7: G4 | BN7: =+BI$4 -> POLLO 3 | BO7: BOLSAS | BP7: PESO | BR7: RUTA | BS7: MUNICIPIO | BT7: INSTITUCION | BU7: SEDE | BV7: =+CÁRNICOS!CE$12 -> CERDO 1 | BW7: =+CÁRNICOS!CF$12 -> CERDO 2 | BX7: =+CÁRNICOS!CG$12 -> RES | BY7: =+CÁRNICOS!CH$12 -> POLLO 1 | BZ7: =+CÁRNICOS!CI$12 -> POLLO 2 | CA7: =+CÁRNICOS!CJ$12 -> POLLO 3
B8: =+COUNTIF($M$8:M8,M8) -> 1 | C8: =SUM(P8:T8) -> 42 | D8: X | L8: 7 | M8: AGUADAS | N8: INSTITUCION EDUCATIVA ESCUELA NORMAL SUPERIOR CLAUDINA MUNERA | O8: ESCUELA NORMAL SUPERIOR CLAUDINA MÚNERA (ANEXA) | P8: 0 | Q8: 32 | R8: 10 | S8: 0 | T8: 0 | U8: =+IF($D8<>"",U$6*$P8/$T$4*VLOOKUP($M8,CÁRNICOS!$CD$13:$CJ$48,2,FALSE),U$5*$P8/$T$4*$U$1) -> 0 | V8: =+IF($D8<>"",V$6*$Q8/$T$4*VLOOKUP($M8,CÁRNICOS!$CD$13:$CJ$48,2,FALSE),V$5*$Q8/$T$4*$U$1) -> 0 | W8: =+IF($D8<>"",W$6*$R8/$T$4*VLOOKUP($M8,CÁRNICOS!$CD$13:$CJ$48,2,FALSE),W$5*$R8/$T$4*$U$1) -> 0 | X8: =+IF($D8<>"",X$6*$S8/$T$4*VLOOKUP($M8,CÁRNICOS!$CD$13:$CJ$48,2,FALSE),X$5*$S8/$T$4*$U$1) -> 0 | Y8: =+IF($D8<>"",Y$6*$T8/$T$4*VLOOKUP($M8,CÁRNICOS!$CD$13:$CJ$48,2,FALSE),Y$5*$T8/$T$4*$U$1) -> 0 | Z8: =IF($E8<>"",0,SUM(U8:Y8)) -> 0 | AA8: =+ROUNDUP(Z8/AA$4,0) -> 0 | AB8: =+IF(Z8*AA8=0,0,(ROUNDUP(Z8/AA8,3))) -> 0 | AC8: =+IF($D8<>"",AC$6*$P8/$T$4*VLOOKUP($M8,CÁRNICOS!$CD$13:$CJ$48,3,FALSE),AC$5*$P8/$T$4*$AC$1) -> 0 | AD8: =+IF($D8<>"",AD$6*$Q8/$T$4*VLOOKUP($M8,CÁRNICOS!$CD$13:$CJ$48,3,FALSE),AD$5*$Q8/$T$4*$AC$1) -> 0 | AE8: =+IF($D8<>"",AE$6*$R8/$T$4*VLOOKUP($M8,CÁRNICOS!$CD$13:$CJ$48,3,FALSE),AE$5*$R8/$T$4*$AC$1) -> 0 | AF8: =+IF($D8<>"",AF$6*$S8/$T$4*VLOOKUP($M8,CÁRNICOS!$CD$13:$CJ$48,3,FALSE),AF$5*$S8/$T$4*$AC$1) -> 0 | AG8: =+IF($D8<>"",AG$6*$T8/$T$4*VLOOKUP($M8,CÁRNICOS!$CD$13:$CJ$48,3,FALSE),AG$5*$T8/$T$4*$AC$1) -> 0 | AH8: =IF($F8<>"",0,SUM(AC8:AG8)) -> 0 | AI8: =+ROUNDUP(AH8/AI$4,0) -> 0 | AJ8: =+IF(AH8*AI8=0,0,(ROUNDUP(AH8/AI8,3))) -> 0 | AK8: =+IF($D8<>"",AK$6*$P8/$T$4*VLOOKUP($M8,CÁRNICOS!$CD$13:$CJ$48,4,FALSE),AK$5*$P8/$T$4*$AK$1) -> 0 | AL8: =+IF($D8<>"",AL$6*$Q8/$T$4*VLOOKUP($M8,CÁRNICOS!$CD$13:$CJ$48,4,FALSE),AL$5*$Q8/$T$4*$AK$1) -> 0 | AM8: =+IF($D8<>"",AM$6*$R8/$T$4*VLOOKUP($M8,CÁRNICOS!$CD$13:$CJ$48,4,FALSE),AM$5*$R8/$T$4*$AK$1) -> 0 | AN8: =+IF($D8<>"",AN$6*$S8/$T$4*VLOOKUP($M8,CÁRNICOS!$CD$13:$CJ$48,4,FALSE),AN$5*$S8/$T$4*$AK$1) -> 0 | AO8: =+IF($D8<>"",AO$6*$T8/$T$4*VLOOKUP($M8,CÁRNICOS!$CD$13:$CJ$48,4,FALSE),AO$5*$T8/$T$4*$AK$1) -> 0 | AP8: =IF($G8<>"",0,SUM(AK8:AO8)) -> 0 | AQ8: =+ROUNDUP(AP8/AQ$4,0) -> 0 | AR8: =+IF(AP8*AQ8=0,0,(ROUNDUP(AP8/AQ8,3))) -> 0 | AS8: =+IF($D8<>"",AS$6*$P8/$T$4*VLOOKUP($M8,CÁRNICOS!$CD$13:$CJ$48,5,FALSE),AS$5*$P8/$T$4*$AS$1) -> 0 | AT8: =+IF($D8<>"",AT$6*$Q8/$T$4*VLOOKUP($M8,CÁRNICOS!$CD$13:$CJ$48,5,FALSE),AT$5*$Q8/$T$4*$AS$1) -> 1.728 | AU8: =+IF($D8<>"",AU$6*$R8/$T$4*VLOOKUP($M8,CÁRNICOS!$CD$13:$CJ$48,5,FALSE),AU$5*$R8/$T$4*$AS$1) -> 0.65 | AV8: =+IF($D8<>"",AV$6*$S8/$T$4*VLOOKUP($M8,CÁRNICOS!$CD$13:$CJ$48,5,FALSE),AV$5*$S8/$T$4*$AS$1) -> 0 | AW8: =+IF($D8<>"",AW$6*$T8/$T$4*VLOOKUP($M8,CÁRNICOS!$CD$13:$CJ$48,5,FALSE),AW$5*$T8/$T$4*$AS$1) -> 0 | AX8: =IF($H8<>"",0,SUM(AS8:AW8)) -> 2.378 | AY8: =+ROUNDUP(AX8/AY$4,0) -> 1 | AZ8: =+IF(AX8*AY8=0,0,(ROUNDUP(AX8/AY8,3))) -> 2.378 | BA8: =+IF($D8<>"",BA$6*$P8/$T$4*VLOOKUP($M8,CÁRNICOS!$CD$13:$CJ$48,6,FALSE),BA$5*$P8/$T$4*$BA$1) -> 0 | BB8: =+IF($D8<>"",BB$6*$Q8/$T$4*VLOOKUP($M8,CÁRNICOS!$CD$13:$CJ$48,6,FALSE),BB$5*$Q8/$T$4*$BA$1) -> 0 | BC8: =+IF($D8<>"",BC$6*$R8/$T$4*VLOOKUP($M8,CÁRNICOS!$CD$13:$CJ$48,6,FALSE),BC$5*$R8/$T$4*$BA$1) -> 0 | BD8: =+IF($D8<>"",BD$6*$S8/$T$4*VLOOKUP($M8,CÁRNICOS!$CD$13:$CJ$48,6,FALSE),BD$5*$S8/$T$4*$BA$1) -> 0 | BE8: =+IF($D8<>"",BE$6*$T8/$T$4*VLOOKUP($M8,CÁRNICOS!$CD$13:$CJ$48,6,FALSE),BE$5*$T8/$T$4*$BA$1) -> 0 | BF8: =IF($I8<>"",0,SUM(BA8:BE8)) -> 0 | BG8: =+ROUNDUP(BF8/BG$4,0) -> 0 | BH8: =+IF(BF8*BG8=0,0,(ROUNDUP(BF8/BG8,3))) -> 0 | BI8: =+IF($D8<>"",BI$6*$P8/$T$4*VLOOKUP($M8,CÁRNICOS!$CD$13:$CJ$48,7,FALSE),BI$5*$P8/$T$4*$BI$1) -> 0 | BJ8: =+IF($D8<>"",BJ$6*$Q8/$T$4*VLOOKUP($M8,CÁRNICOS!$CD$13:$CJ$48,7,FALSE),BJ$5*$Q8/$T$4*$BI$1) -> 0 | BK8: =+IF($D8<>"",BK$6*$R8/$T$4*VLOOKUP($M8,CÁRNICOS!$CD$13:$CJ$48,7,FALSE),BK$5*$R8/$T$4*$BI$1) -> 0 | BL8: =+IF($D8<>"",BL$6*$S8/$T$4*VLOOKUP($M8,CÁRNICOS!$CD$13:$CJ$48,7,FALSE),BL$5*$S8/$T$4*$BI$1) -> 0 | BM8: =+IF($D8<>"",BM$6*$T8/$T$4*VLOOKUP($M8,CÁRNICOS!$CD$13:$CJ$48,7,FALSE),BM$5*$T8/$T$4*$BI$1) -> 0 | BN8: =IF($J8<>"",0,SUM(BI8:BM8)) -> 0 | BO8: =+ROUNDUP(BN8/BO$4,0) -> 0 | BP8: =+IF(BN8*BO8=0,0,(ROUNDUP(BN8/BO8,3))) -> 0 | BR8: =+L8 -> 7 | BS8: =+M8 -> AGUADAS | BT8: =+N8 -> INSTITUCION EDUCATIVA ESCUELA NORMAL SUPERIOR CLAUDINA MUNERA | BU8: =+O8 -> ESCUELA NORMAL SUPERIOR CLAUDINA MÚNERA (ANEXA) | BV8: =+Z8 -> 0 | BW8: =+AH8 -> 0 | BX8: =+AP8 -> 0 | BY8: =+AX8 -> 2.378 | BZ8: =+BF8 -> 0 | CA8: =+BN8 -> 0
B9: =+COUNTIF($M$8:M9,M9) -> 2 | C9: =SUM(P9:T9) -> 22 | D9: X | L9: 7 | M9: AGUADAS | N9: INSTITUCION EDUCATIVA ESCUELA NORMAL SUPERIOR CLAUDINA MUNERA | O9: INSTITUCION EDUCATIVA ESCUELA NORMAL SUPERIOR CLAUDINA MUNERA - SEDE PRINCIPAL | P9: 0 | Q9: 0 | R9: 0 | S9: 22 | T9: 0 | U9: =+IF($D9<>"",U$6*$P9/$T$4*VLOOKUP($M9,CÁRNICOS!$CD$13:$CJ$48,2,FALSE),U$5*$P9/$T$4*$U$1) -> 0 | V9: =+IF($D9<>"",V$6*$Q9/$T$4*VLOOKUP($M9,CÁRNICOS!$CD$13:$CJ$48,2,FALSE),V$5*$Q9/$T$4*$U$1) -> 0 | W9: =+IF($D9<>"",W$6*$R9/$T$4*VLOOKUP($M9,CÁRNICOS!$CD$13:$CJ$48,2,FALSE),W$5*$R9/$T$4*$U$1) -> 0 | X9: =+IF($D9<>"",X$6*$S9/$T$4*VLOOKUP($M9,CÁRNICOS!$CD$13:$CJ$48,2,FALSE),X$5*$S9/$T$4*$U$1) -> 0 | Y9: =+IF($D9<>"",Y$6*$T9/$T$4*VLOOKUP($M9,CÁRNICOS!$CD$13:$CJ$48,2,FALSE),Y$5*$T9/$T$4*$U$1) -> 0 | Z9: =IF($E9<>"",0,SUM(U9:Y9)) -> 0 | AA9: =+ROUNDUP(Z9/AA$4,0) -> 0 | AB9: =+IF(Z9*AA9=0,0,(ROUNDUP(Z9/AA9,3))) -> 0 | AC9: =+IF($D9<>"",AC$6*$P9/$T$4*VLOOKUP($M9,CÁRNICOS!$CD$13:$CJ$48,3,FALSE),AC$5*$P9/$T$4*$AC$1) -> 0 | AD9: =+IF($D9<>"",AD$6*$Q9/$T$4*VLOOKUP($M9,CÁRNICOS!$CD$13:$CJ$48,3,FALSE),AD$5*$Q9/$T$4*$AC$1) -> 0 | AE9: =+IF($D9<>"",AE$6*$R9/$T$4*VLOOKUP($M9,CÁRNICOS!$CD$13:$CJ$48,3,FALSE),AE$5*$R9/$T$4*$AC$1) -> 0 | AF9: =+IF($D9<>"",AF$6*$S9/$T$4*VLOOKUP($M9,CÁRNICOS!$CD$13:$CJ$48,3,FALSE),AF$5*$S9/$T$4*$AC$1) -> 0 | AG9: =+IF($D9<>"",AG$6*$T9/$T$4*VLOOKUP($M9,CÁRNICOS!$CD$13:$CJ$48,3,FALSE),AG$5*$T9/$T$4*$AC$1) -> 0 | AH9: =IF($F9<>"",0,SUM(AC9:AG9)) -> 0 | AI9: =+ROUNDUP(AH9/AI$4,0) -> 0 | AJ9: =+IF(AH9*AI9=0,0,(ROUNDUP(AH9/AI9,3))) -> 0 | AK9: =+IF($D9<>"",AK$6*$P9/$T$4*VLOOKUP($M9,CÁRNICOS!$CD$13:$CJ$48,4,FALSE),AK$5*$P9/$T$4*$AK$1) -> 0 | AL9: =+IF($D9<>"",AL$6*$Q9/$T$4*VLOOKUP($M9,CÁRNICOS!$CD$13:$CJ$48,4,FALSE),AL$5*$Q9/$T$4*$AK$1) -> 0 | AM9: =+IF($D9<>"",AM$6*$R9/$T$4*VLOOKUP($M9,CÁRNICOS!$CD$13:$CJ$48,4,FALSE),AM$5*$R9/$T$4*$AK$1) -> 0 | AN9: =+IF($D9<>"",AN$6*$S9/$T$4*VLOOKUP($M9,CÁRNICOS!$CD$13:$CJ$48,4,FALSE),AN$5*$S9/$T$4*$AK$1) -> 0 | AO9: =+IF($D9<>"",AO$6*$T9/$T$4*VLOOKUP($M9,CÁRNICOS!$CD$13:$CJ$48,4,FALSE),AO$5*$T9/$T$4*$AK$1) -> 0 | AP9: =IF($G9<>"",0,SUM(AK9:AO9)) -> 0 | AQ9: =+ROUNDUP(AP9/AQ$4,0) -> 0 | AR9: =+IF(AP9*AQ9=0,0,(ROUNDUP(AP9/AQ9,3))) -> 0 | AS9: =+IF($D9<>"",AS$6*$P9/$T$4*VLOOKUP($M9,CÁRNICOS!$CD$13:$CJ$48,5,FALSE),AS$5*$P9/$T$4*$AS$1) -> 0 | AT9: =+IF($D9<>"",AT$6*$Q9/$T$4*VLOOKUP($M9,CÁRNICOS!$CD$13:$CJ$48,5,FALSE),AT$5*$Q9/$T$4*$AS$1) -> 0 | AU9: =+IF($D9<>"",AU$6*$R9/$T$4*VLOOKUP($M9,CÁRNICOS!$CD$13:$CJ$48,5,FALSE),AU$5*$R9/$T$4*$AS$1) -> 0 | AV9: =+IF($D9<>"",AV$6*$S9/$T$4*VLOOKUP($M9,CÁRNICOS!$CD$13:$CJ$48,5,FALSE),AV$5*$S9/$T$4*$AS$1) -> 1.76 | AW9: =+IF($D9<>"",AW$6*$T9/$T$4*VLOOKUP($M9,CÁRNICOS!$CD$13:$CJ$48,5,FALSE),AW$5*$T9/$T$4*$AS$1) -> 0 | AX9: =IF($H9<>"",0,SUM(AS9:AW9)) -> 1.76 | AY9: =+ROUNDUP(AX9/AY$4,0) -> 1 | AZ9: =+IF(AX9*AY9=0,0,(ROUNDUP(AX9/AY9,3))) -> 1.76 | BA9: =+IF($D9<>"",BA$6*$P9/$T$4*VLOOKUP($M9,CÁRNICOS!$CD$13:$CJ$48,6,FALSE),BA$5*$P9/$T$4*$BA$1) -> 0 | BB9: =+IF($D9<>"",BB$6*$Q9/$T$4*VLOOKUP($M9,CÁRNICOS!$CD$13:$CJ$48,6,FALSE),BB$5*$Q9/$T$4*$BA$1) -> 0 | BC9: =+IF($D9<>"",BC$6*$R9/$T$4*VLOOKUP($M9,CÁRNICOS!$CD$13:$CJ$48,6,FALSE),BC$5*$R9/$T$4*$BA$1) -> 0 | BD9: =+IF($D9<>"",BD$6*$S9/$T$4*VLOOKUP($M9,CÁRNICOS!$CD$13:$CJ$48,6,FALSE),BD$5*$S9/$T$4*$BA$1) -> 0 | BE9: =+IF($D9<>"",BE$6*$T9/$T$4*VLOOKUP($M9,CÁRNICOS!$CD$13:$CJ$48,6,FALSE),BE$5*$T9/$T$4*$BA$1) -> 0 | BF9: =IF($I9<>"",0,SUM(BA9:BE9)) -> 0 | BG9: =+ROUNDUP(BF9/BG$4,0) -> 0 | BH9: =+IF(BF9*BG9=0,0,(ROUNDUP(BF9/BG9,3))) -> 0 | BI9: =+IF($D9<>"",BI$6*$P9/$T$4*VLOOKUP($M9,CÁRNICOS!$CD$13:$CJ$48,7,FALSE),BI$5*$P9/$T$4*$BI$1) -> 0 | BJ9: =+IF($D9<>"",BJ$6*$Q9/$T$4*VLOOKUP($M9,CÁRNICOS!$CD$13:$CJ$48,7,FALSE),BJ$5*$Q9/$T$4*$BI$1) -> 0 | BK9: =+IF($D9<>"",BK$6*$R9/$T$4*VLOOKUP($M9,CÁRNICOS!$CD$13:$CJ$48,7,FALSE),BK$5*$R9/$T$4*$BI$1) -> 0 | BL9: =+IF($D9<>"",BL$6*$S9/$T$4*VLOOKUP($M9,CÁRNICOS!$CD$13:$CJ$48,7,FALSE),BL$5*$S9/$T$4*$BI$1) -> 0 | BM9: =+IF($D9<>"",BM$6*$T9/$T$4*VLOOKUP($M9,CÁRNICOS!$CD$13:$CJ$48,7,FALSE),BM$5*$T9/$T$4*$BI$1) -> 0 | BN9: =IF($J9<>"",0,SUM(BI9:BM9)) -> 0 | BO9: =+ROUNDUP(BN9/BO$4,0) -> 0 | BP9: =+IF(BN9*BO9=0,0,(ROUNDUP(BN9/BO9,3))) -> 0 | BR9: =+L9 -> 7 | BS9: =+M9 -> AGUADAS | BT9: =+N9 -> INSTITUCION EDUCATIVA ESCUELA NORMAL SUPERIOR CLAUDINA MUNERA | BU9: =+O9 -> INSTITUCION EDUCATIVA ESCUELA NORMAL SUPERIOR CLAUDINA MUNERA - SEDE PRINCIPAL | BV9: =+Z9 -> 0 | BW9: =+AH9 -> 0 | BX9: =+AP9 -> 0 | BY9: =+AX9 -> 1.76 | BZ9: =+BF9 -> 0 | CA9: =+BN9 -> 0
B10: =+COUNTIF($M$8:M10,M10) -> 3 | C10: =SUM(P10:T10) -> 61 | D10: X | L10: 7 | M10: AGUADAS | N10: INSTITUCION EDUCATIVA LICEO CLAUDINA MUNERA | O10: ESCUELA SANTA TERESITA | P10: 5 | Q10: 56 | R10: 0 | S10: 0 | T10: 0 | U10: =+IF($D10<>"",U$6*$P10/$T$4*VLOOKUP($M10,CÁRNICOS!$CD$13:$CJ$48,2,FALSE),U$5*$P10/$T$4*$U$1) -> 0 | V10: =+IF($D10<>"",V$6*$Q10/$T$4*VLOOKUP($M10,CÁRNICOS!$CD$13:$CJ$48,2,FALSE),V$5*$Q10/$T$4*$U$1) -> 0 | W10: =+IF($D10<>"",W$6*$R10/$T$4*VLOOKUP($M10,CÁRNICOS!$CD$13:$CJ$48,2,FALSE),W$5*$R10/$T$4*$U$1) -> 0 | X10: =+IF($D10<>"",X$6*$S10/$T$4*VLOOKUP($M10,CÁRNICOS!$CD$13:$CJ$48,2,FALSE),X$5*$S10/$T$4*$U$1) -> 0 | Y10: =+IF($D10<>"",Y$6*$T10/$T$4*VLOOKUP($M10,CÁRNICOS!$CD$13:$CJ$48,2,FALSE),Y$5*$T10/$T$4*$U$1) -> 0 | Z10: =IF($E10<>"",0,SUM(U10:Y10)) -> 0 | AA10: =+ROUNDUP(Z10/AA$4,0) -> 0 | AB10: =+IF(Z10*AA10=0,0,(ROUNDUP(Z10/AA10,3))) -> 0 | AC10: =+IF($D10<>"",AC$6*$P10/$T$4*VLOOKUP($M10,CÁRNICOS!$CD$13:$CJ$48,3,FALSE),AC$5*$P10/$T$4*$AC$1) -> 0 | AD10: =+IF($D10<>"",AD$6*$Q10/$T$4*VLOOKUP($M10,CÁRNICOS!$CD$13:$CJ$48,3,FALSE),AD$5*$Q10/$T$4*$AC$1) -> 0 | AE10: =+IF($D10<>"",AE$6*$R10/$T$4*VLOOKUP($M10,CÁRNICOS!$CD$13:$CJ$48,3,FALSE),AE$5*$R10/$T$4*$AC$1) -> 0 | AF10: =+IF($D10<>"",AF$6*$S10/$T$4*VLOOKUP($M10,CÁRNICOS!$CD$13:$CJ$48,3,FALSE),AF$5*$S10/$T$4*$AC$1) -> 0 | AG10: =+IF($D10<>"",AG$6*$T10/$T$4*VLOOKUP($M10,CÁRNICOS!$CD$13:$CJ$48,3,FALSE),AG$5*$T10/$T$4*$AC$1) -> 0 | AH10: =IF($F10<>"",0,SUM(AC10:AG10)) -> 0 | AI10: =+ROUNDUP(AH10/AI$4,0) -> 0 | AJ10: =+IF(AH10*AI10=0,0,(ROUNDUP(AH10/AI10,3))) -> 0 | AK10: =+IF($D10<>"",AK$6*$P10/$T$4*VLOOKUP($M10,CÁRNICOS!$CD$13:$CJ$48,4,FALSE),AK$5*$P10/$T$4*$AK$1) -> 0 | AL10: =+IF($D10<>"",AL$6*$Q10/$T$4*VLOOKUP($M10,CÁRNICOS!$CD$13:$CJ$48,4,FALSE),AL$5*$Q10/$T$4*$AK$1) -> 0 | AM10: =+IF($D10<>"",AM$6*$R10/$T$4*VLOOKUP($M10,CÁRNICOS!$CD$13:$CJ$48,4,FALSE),AM$5*$R10/$T$4*$AK$1) -> 0 | AN10: =+IF($D10<>"",AN$6*$S10/$T$4*VLOOKUP($M10,CÁRNICOS!$CD$13:$CJ$48,4,FALSE),AN$5*$S10/$T$4*$AK$1) -> 0 | AO10: =+IF($D10<>"",AO$6*$T10/$T$4*VLOOKUP($M10,CÁRNICOS!$CD$13:$CJ$48,4,FALSE),AO$5*$T10/$T$4*$AK$1) -> 0 | AP10: =IF($G10<>"",0,SUM(AK10:AO10)) -> 0 | AQ10: =+ROUNDUP(AP10/AQ$4,0) -> 0 | AR10: =+IF(AP10*AQ10=0,0,(ROUNDUP(AP10/AQ10,3))) -> 0 | AS10: =+IF($D10<>"",AS$6*$P10/$T$4*VLOOKUP($M10,CÁRNICOS!$CD$13:$CJ$48,5,FALSE),AS$5*$P10/$T$4*$AS$1) -> 0.27 | AT10: =+IF($D10<>"",AT$6*$Q10/$T$4*VLOOKUP($M10,CÁRNICOS!$CD$13:$CJ$48,5,FALSE),AT$5*$Q10/$T$4*$AS$1) -> 3.024 | AU10: =+IF($D10<>"",AU$6*$R10/$T$4*VLOOKUP($M10,CÁRNICOS!$CD$13:$CJ$48,5,FALSE),AU$5*$R10/$T$4*$AS$1) -> 0 | AV10: =+IF($D10<>"",AV$6*$S10/$T$4*VLOOKUP($M10,CÁRNICOS!$CD$13:$CJ$48,5,FALSE),AV$5*$S10/$T$4*$AS$1) -> 0 | AW10: =+IF($D10<>"",AW$6*$T10/$T$4*VLOOKUP($M10,CÁRNICOS!$CD$13:$CJ$48,5,FALSE),AW$5*$T10/$T$4*$AS$1) -> 0 | AX10: =IF($H10<>"",0,SUM(AS10:AW10)) -> 3.294 | AY10: =+ROUNDUP(AX10/AY$4,0) -> 1 | AZ10: =+IF(AX10*AY10=0,0,(ROUNDUP(AX10/AY10,3))) -> 3.294 | BA10: =+IF($D10<>"",BA$6*$P10/$T$4*VLOOKUP($M10,CÁRNICOS!$CD$13:$CJ$48,6,FALSE),BA$5*$P10/$T$4*$BA$1) -> 0 | BB10: =+IF($D10<>"",BB$6*$Q10/$T$4*VLOOKUP($M10,CÁRNICOS!$CD$13:$CJ$48,6,FALSE),BB$5*$Q10/$T$4*$BA$1) -> 0 | BC10: =+IF($D10<>"",BC$6*$R10/$T$4*VLOOKUP($M10,CÁRNICOS!$CD$13:$CJ$48,6,FALSE),BC$5*$R10/$T$4*$BA$1) -> 0 | BD10: =+IF($D10<>"",BD$6*$S10/$T$4*VLOOKUP($M10,CÁRNICOS!$CD$13:$CJ$48,6,FALSE),BD$5*$S10/$T$4*$BA$1) -> 0 | BE10: =+IF($D10<>"",BE$6*$T10/$T$4*VLOOKUP($M10,CÁRNICOS!$CD$13:$CJ$48,6,FALSE),BE$5*$T10/$T$4*$BA$1) -> 0 | BF10: =IF($I10<>"",0,SUM(BA10:BE10)) -> 0 | BG10: =+ROUNDUP(BF10/BG$4,0) -> 0 | BH10: =+IF(BF10*BG10=0,0,(ROUNDUP(BF10/BG10,3))) -> 0 | BI10: =+IF($D10<>"",BI$6*$P10/$T$4*VLOOKUP($M10,CÁRNICOS!$CD$13:$CJ$48,7,FALSE),BI$5*$P10/$T$4*$BI$1) -> 0 | BJ10: =+IF($D10<>"",BJ$6*$Q10/$T$4*VLOOKUP($M10,CÁRNICOS!$CD$13:$CJ$48,7,FALSE),BJ$5*$Q10/$T$4*$BI$1) -> 0 | BK10: =+IF($D10<>"",BK$6*$R10/$T$4*VLOOKUP($M10,CÁRNICOS!$CD$13:$CJ$48,7,FALSE),BK$5*$R10/$T$4*$BI$1) -> 0 | BL10: =+IF($D10<>"",BL$6*$S10/$T$4*VLOOKUP($M10,CÁRNICOS!$CD$13:$CJ$48,7,FALSE),BL$5*$S10/$T$4*$BI$1) -> 0 | BM10: =+IF($D10<>"",BM$6*$T10/$T$4*VLOOKUP($M10,CÁRNICOS!$CD$13:$CJ$48,7,FALSE),BM$5*$T10/$T$4*$BI$1) -> 0 | BN10: =IF($J10<>"",0,SUM(BI10:BM10)) -> 0 | BO10: =+ROUNDUP(BN10/BO$4,0) -> 0 | BP10: =+IF(BN10*BO10=0,0,(ROUNDUP(BN10/BO10,3))) -> 0 | BR10: =+L10 -> 7 | BS10: =+M10 -> AGUADAS | BT10: =+N10 -> INSTITUCION EDUCATIVA LICEO CLAUDINA MUNERA | BU10: =+O10 -> ESCUELA SANTA TERESITA | BV10: =+Z10 -> 0 | BW10: =+AH10 -> 0 | BX10: =+AP10 -> 0 | BY10: =+AX10 -> 3.294 | BZ10: =+BF10 -> 0 | CA10: =+BN10 -> 0 | CD10: DIFERENCIAL | CH10: 1
B11: =+COUNTIF($M$8:M11,M11) -> 4 | C11: =SUM(P11:T11) -> 62 | D11: X | L11: 7 | M11: AGUADAS | N11: INSTITUCION EDUCATIVA MARINO GOMEZ ESTRADA | O11: INSTITUCION EDUCATIVA MARINO GOMEZ ESTRADA - SEDE PRINCIPAL (PRIMARIA) | P11: 0 | Q11: 62 | R11: 0 | S11: 0 | T11: 0 | U11: =+IF($D11<>"",U$6*$P11/$T$4*VLOOKUP($M11,CÁRNICOS!$CD$13:$CJ$48,2,FALSE),U$5*$P11/$T$4*$U$1) -> 0 | V11: =+IF($D11<>"",V$6*$Q11/$T$4*VLOOKUP($M11,CÁRNICOS!$CD$13:$CJ$48,2,FALSE),V$5*$Q11/$T$4*$U$1) -> 0 | W11: =+IF($D11<>"",W$6*$R11/$T$4*VLOOKUP($M11,CÁRNICOS!$CD$13:$CJ$48,2,FALSE),W$5*$R11/$T$4*$U$1) -> 0 | X11: =+IF($D11<>"",X$6*$S11/$T$4*VLOOKUP($M11,CÁRNICOS!$CD$13:$CJ$48,2,FALSE),X$5*$S11/$T$4*$U$1) -> 0 | Y11: =+IF($D11<>"",Y$6*$T11/$T$4*VLOOKUP($M11,CÁRNICOS!$CD$13:$CJ$48,2,FALSE),Y$5*$T11/$T$4*$U$1) -> 0 | Z11: =IF($E11<>"",0,SUM(U11:Y11)) -> 0 | AA11: =+ROUNDUP(Z11/AA$4,0) -> 0 | AB11: =+IF(Z11*AA11=0,0,(ROUNDUP(Z11/AA11,3))) -> 0 | AC11: =+IF($D11<>"",AC$6*$P11/$T$4*VLOOKUP($M11,CÁRNICOS!$CD$13:$CJ$48,3,FALSE),AC$5*$P11/$T$4*$AC$1) -> 0 | AD11: =+IF($D11<>"",AD$6*$Q11/$T$4*VLOOKUP($M11,CÁRNICOS!$CD$13:$CJ$48,3,FALSE),AD$5*$Q11/$T$4*$AC$1) -> 0 | AE11: =+IF($D11<>"",AE$6*$R11/$T$4*VLOOKUP($M11,CÁRNICOS!$CD$13:$CJ$48,3,FALSE),AE$5*$R11/$T$4*$AC$1) -> 0 | AF11: =+IF($D11<>"",AF$6*$S11/$T$4*VLOOKUP($M11,CÁRNICOS!$CD$13:$CJ$48,3,FALSE),AF$5*$S11/$T$4*$AC$1) -> 0 | AG11: =+IF($D11<>"",AG$6*$T11/$T$4*VLOOKUP($M11,CÁRNICOS!$CD$13:$CJ$48,3,FALSE),AG$5*$T11/$T$4*$AC$1) -> 0 | AH11: =IF($F11<>"",0,SUM(AC11:AG11)) -> 0 | AI11: =+ROUNDUP(AH11/AI$4,0) -> 0 | AJ11: =+IF(AH11*AI11=0,0,(ROUNDUP(AH11/AI11,3))) -> 0 | AK11: =+IF($D11<>"",AK$6*$P11/$T$4*VLOOKUP($M11,CÁRNICOS!$CD$13:$CJ$48,4,FALSE),AK$5*$P11/$T$4*$AK$1) -> 0 | AL11: =+IF($D11<>"",AL$6*$Q11/$T$4*VLOOKUP($M11,CÁRNICOS!$CD$13:$CJ$48,4,FALSE),AL$5*$Q11/$T$4*$AK$1) -> 0 | AM11: =+IF($D11<>"",AM$6*$R11/$T$4*VLOOKUP($M11,CÁRNICOS!$CD$13:$CJ$48,4,FALSE),AM$5*$R11/$T$4*$AK$1) -> 0 | AN11: =+IF($D11<>"",AN$6*$S11/$T$4*VLOOKUP($M11,CÁRNICOS!$CD$13:$CJ$48,4,FALSE),AN$5*$S11/$T$4*$AK$1) -> 0 | AO11: =+IF($D11<>"",AO$6*$T11/$T$4*VLOOKUP($M11,CÁRNICOS!$CD$13:$CJ$48,4,FALSE),AO$5*$T11/$T$4*$AK$1) -> 0 | AP11: =IF($G11<>"",0,SUM(AK11:AO11)) -> 0 | AQ11: =+ROUNDUP(AP11/AQ$4,0) -> 0 | AR11: =+IF(AP11*AQ11=0,0,(ROUNDUP(AP11/AQ11,3))) -> 0 | AS11: =+IF($D11<>"",AS$6*$P11/$T$4*VLOOKUP($M11,CÁRNICOS!$CD$13:$CJ$48,5,FALSE),AS$5*$P11/$T$4*$AS$1) -> 0 | AT11: =+IF($D11<>"",AT$6*$Q11/$T$4*VLOOKUP($M11,CÁRNICOS!$CD$13:$CJ$48,5,FALSE),AT$5*$Q11/$T$4*$AS$1) -> 3.348 | AU11: =+IF($D11<>"",AU$6*$R11/$T$4*VLOOKUP($M11,CÁRNICOS!$CD$13:$CJ$48,5,FALSE),AU$5*$R11/$T$4*$AS$1) -> 0 | AV11: =+IF($D11<>"",AV$6*$S11/$T$4*VLOOKUP($M11,CÁRNICOS!$CD$13:$CJ$48,5,FALSE),AV$5*$S11/$T$4*$AS$1) -> 0 | AW11: =+IF($D11<>"",AW$6*$T11/$T$4*VLOOKUP($M11,CÁRNICOS!$CD$13:$CJ$48,5,FALSE),AW$5*$T11/$T$4*$AS$1) -> 0 | AX11: =IF($H11<>"",0,SUM(AS11:AW11)) -> 3.348 | AY11: =+ROUNDUP(AX11/AY$4,0) -> 1 | AZ11: =+IF(AX11*AY11=0,0,(ROUNDUP(AX11/AY11,3))) -> 3.348 | BA11: =+IF($D11<>"",BA$6*$P11/$T$4*VLOOKUP($M11,CÁRNICOS!$CD$13:$CJ$48,6,FALSE),BA$5*$P11/$T$4*$BA$1) -> 0 | BB11: =+IF($D11<>"",BB$6*$Q11/$T$4*VLOOKUP($M11,CÁRNICOS!$CD$13:$CJ$48,6,FALSE),BB$5*$Q11/$T$4*$BA$1) -> 0 | BC11: =+IF($D11<>"",BC$6*$R11/$T$4*VLOOKUP($M11,CÁRNICOS!$CD$13:$CJ$48,6,FALSE),BC$5*$R11/$T$4*$BA$1) -> 0 | BD11: =+IF($D11<>"",BD$6*$S11/$T$4*VLOOKUP($M11,CÁRNICOS!$CD$13:$CJ$48,6,FALSE),BD$5*$S11/$T$4*$BA$1) -> 0 | BE11: =+IF($D11<>"",BE$6*$T11/$T$4*VLOOKUP($M11,CÁRNICOS!$CD$13:$CJ$48,6,FALSE),BE$5*$T11/$T$4*$BA$1) -> 0 | BF11: =IF($I11<>"",0,SUM(BA11:BE11)) -> 0 | BG11: =+ROUNDUP(BF11/BG$4,0) -> 0 | BH11: =+IF(BF11*BG11=0,0,(ROUNDUP(BF11/BG11,3))) -> 0 | BI11: =+IF($D11<>"",BI$6*$P11/$T$4*VLOOKUP($M11,CÁRNICOS!$CD$13:$CJ$48,7,FALSE),BI$5*$P11/$T$4*$BI$1) -> 0 | BJ11: =+IF($D11<>"",BJ$6*$Q11/$T$4*VLOOKUP($M11,CÁRNICOS!$CD$13:$CJ$48,7,FALSE),BJ$5*$Q11/$T$4*$BI$1) -> 0 | BK11: =+IF($D11<>"",BK$6*$R11/$T$4*VLOOKUP($M11,CÁRNICOS!$CD$13:$CJ$48,7,FALSE),BK$5*$R11/$T$4*$BI$1) -> 0 | BL11: =+IF($D11<>"",BL$6*$S11/$T$4*VLOOKUP($M11,CÁRNICOS!$CD$13:$CJ$48,7,FALSE),BL$5*$S11/$T$4*$BI$1) -> 0 | BM11: =+IF($D11<>"",BM$6*$T11/$T$4*VLOOKUP($M11,CÁRNICOS!$CD$13:$CJ$48,7,FALSE),BM$5*$T11/$T$4*$BI$1) -> 0 | BN11: =IF($J11<>"",0,SUM(BI11:BM11)) -> 0 | BO11: =+ROUNDUP(BN11/BO$4,0) -> 0 | BP11: =+IF(BN11*BO11=0,0,(ROUNDUP(BN11/BO11,3))) -> 0 | BR11: =+L11 -> 7 | BS11: =+M11 -> AGUADAS | BT11: =+N11 -> INSTITUCION EDUCATIVA MARINO GOMEZ ESTRADA | BU11: =+O11 -> INSTITUCION EDUCATIVA MARINO GOMEZ ESTRADA - SEDE PRINCIPAL (PRIMARIA) | BV11: =+Z11 -> 0 | BW11: =+AH11 -> 0 | BX11: =+AP11 -> 0 | BY11: =+AX11 -> 3.348 | BZ11: =+BF11 -> 0 | CA11: =+BN11 -> 0 | CD11: DÍAS | CH11: 1
B12: =+B11+1 -> 5 | C12: =SUM(P12:T12) -> 53 | D12: X | L12: 2 | M12: ANSERMA | N12: INSTITUCION EDUCATIVA AURELIANO FLOREZ CARDONA | O12: CENTRO EDUCATIVO SIMON BOLIVAR | P12: 41 | Q12: 12 | R12: 0 | S12: 0 | T12: 0 | U12: =+IF($D12<>"",U$6*$P12/$T$4*VLOOKUP($M12,CÁRNICOS!$CD$13:$CJ$48,2,FALSE),U$5*$P12/$T$4*$U$1) -> 0 | V12: =+IF($D12<>"",V$6*$Q12/$T$4*VLOOKUP($M12,CÁRNICOS!$CD$13:$CJ$48,2,FALSE),V$5*$Q12/$T$4*$U$1) -> 0 | W12: =+IF($D12<>"",W$6*$R12/$T$4*VLOOKUP($M12,CÁRNICOS!$CD$13:$CJ$48,2,FALSE),W$5*$R12/$T$4*$U$1) -> 0 | X12: =+IF($D12<>"",X$6*$S12/$T$4*VLOOKUP($M12,CÁRNICOS!$CD$13:$CJ$48,2,FALSE),X$5*$S12/$T$4*$U$1) -> 0 | Y12: =+IF($D12<>"",Y$6*$T12/$T$4*VLOOKUP($M12,CÁRNICOS!$CD$13:$CJ$48,2,FALSE),Y$5*$T12/$T$4*$U$1) -> 0 | Z12: =IF($E12<>"",0,SUM(U12:Y12)) -> 0 | AA12: =+ROUNDUP(Z12/AA$4,0) -> 0 | AB12: =+IF(Z12*AA12=0,0,(ROUNDUP(Z12/AA12,3))) -> 0 | AC12: =+IF($D12<>"",AC$6*$P12/$T$4*VLOOKUP($M12,CÁRNICOS!$CD$13:$CJ$48,3,FALSE),AC$5*$P12/$T$4*$AC$1) -> 0 | AD12: =+IF($D12<>"",AD$6*$Q12/$T$4*VLOOKUP($M12,CÁRNICOS!$CD$13:$CJ$48,3,FALSE),AD$5*$Q12/$T$4*$AC$1) -> 0 | AE12: =+IF($D12<>"",AE$6*$R12/$T$4*VLOOKUP($M12,CÁRNICOS!$CD$13:$CJ$48,3,FALSE),AE$5*$R12/$T$4*$AC$1) -> 0 | AF12: =+IF($D12<>"",AF$6*$S12/$T$4*VLOOKUP($M12,CÁRNICOS!$CD$13:$CJ$48,3,FALSE),AF$5*$S12/$T$4*$AC$1) -> 0 | AG12: =+IF($D12<>"",AG$6*$T12/$T$4*VLOOKUP($M12,CÁRNICOS!$CD$13:$CJ$48,3,FALSE),AG$5*$T12/$T$4*$AC$1) -> 0 | AH12: =IF($F12<>"",0,SUM(AC12:AG12)) -> 0 | AI12: =+ROUNDUP(AH12/AI$4,0) -> 0 | AJ12: =+IF(AH12*AI12=0,0,(ROUNDUP(AH12/AI12,3))) -> 0 | AK12: =+IF($D12<>"",AK$6*$P12/$T$4*VLOOKUP($M12,CÁRNICOS!$CD$13:$CJ$48,4,FALSE),AK$5*$P12/$T$4*$AK$1) -> 0 | AL12: =+IF($D12<>"",AL$6*$Q12/$T$4*VLOOKUP($M12,CÁRNICOS!$CD$13:$CJ$48,4,FALSE),AL$5*$Q12/$T$4*$AK$1) -> 0 | AM12: =+IF($D12<>"",AM$6*$R12/$T$4*VLOOKUP($M12,CÁRNICOS!$CD$13:$CJ$48,4,FALSE),AM$5*$R12/$T$4*$AK$1) -> 0 | AN12: =+IF($D12<>"",AN$6*$S12/$T$4*VLOOKUP($M12,CÁRNICOS!$CD$13:$CJ$48,4,FALSE),AN$5*$S12/$T$4*$AK$1) -> 0 | AO12: =+IF($D12<>"",AO$6*$T12/$T$4*VLOOKUP($M12,CÁRNICOS!$CD$13:$CJ$48,4,FALSE),AO$5*$T12/$T$4*$AK$1) -> 0 | AP12: =IF($G12<>"",0,SUM(AK12:AO12)) -> 0 | AQ12: =+ROUNDUP(AP12/AQ$4,0) -> 0 | AR12: =+IF(AP12*AQ12=0,0,(ROUNDUP(AP12/AQ12,3))) -> 0 | AS12: =+IF($D12<>"",AS$6*$P12/$T$4*VLOOKUP($M12,CÁRNICOS!$CD$13:$CJ$48,5,FALSE),AS$5*$P12/$T$4*$AS$1) -> 2.214 | AT12: =+IF($D12<>"",AT$6*$Q12/$T$4*VLOOKUP($M12,CÁRNICOS!$CD$13:$CJ$48,5,FALSE),AT$5*$Q12/$T$4*$AS$1) -> 0.648 | AU12: =+IF($D12<>"",AU$6*$R12/$T$4*VLOOKUP($M12,CÁRNICOS!$CD$13:$CJ$48,5,FALSE),AU$5*$R12/$T$4*$AS$1) -> 0 | AV12: =+IF($D12<>"",AV$6*$S12/$T$4*VLOOKUP($M12,CÁRNICOS!$CD$13:$CJ$48,5,FALSE),AV$5*$S12/$T$4*$AS$1) -> 0 | AW12: =+IF($D12<>"",AW$6*$T12/$T$4*VLOOKUP($M12,CÁRNICOS!$CD$13:$CJ$48,5,FALSE),AW$5*$T12/$T$4*$AS$1) -> 0 | AX12: =IF($H12<>"",0,SUM(AS12:AW12)) -> 2.862 | AY12: =+ROUNDUP(AX12/AY$4,0) -> 1 | AZ12: =+IF(AX12*AY12=0,0,(ROUNDUP(AX12/AY12,3))) -> 2.862 | BA12: =+IF($D12<>"",BA$6*$P12/$T$4*VLOOKUP($M12,CÁRNICOS!$CD$13:$CJ$48,6,FALSE),BA$5*$P12/$T$4*$BA$1) -> 0 | BB12: =+IF($D12<>"",BB$6*$Q12/$T$4*VLOOKUP($M12,CÁRNICOS!$CD$13:$CJ$48,6,FALSE),BB$5*$Q12/$T$4*$BA$1) -> 0 | BC12: =+IF($D12<>"",BC$6*$R12/$T$4*VLOOKUP($M12,CÁRNICOS!$CD$13:$CJ$48,6,FALSE),BC$5*$R12/$T$4*$BA$1) -> 0 | BD12: =+IF($D12<>"",BD$6*$S12/$T$4*VLOOKUP($M12,CÁRNICOS!$CD$13:$CJ$48,6,FALSE),BD$5*$S12/$T$4*$BA$1) -> 0 | BE12: =+IF($D12<>"",BE$6*$T12/$T$4*VLOOKUP($M12,CÁRNICOS!$CD$13:$CJ$48,6,FALSE),BE$5*$T12/$T$4*$BA$1) -> 0 | BF12: =IF($I12<>"",0,SUM(BA12:BE12)) -> 0 | BG12: =+ROUNDUP(BF12/BG$4,0) -> 0 | BH12: =+IF(BF12*BG12=0,0,(ROUNDUP(BF12/BG12,3))) -> 0 | BI12: =+IF($D12<>"",BI$6*$P12/$T$4*VLOOKUP($M12,CÁRNICOS!$CD$13:$CJ$48,7,FALSE),BI$5*$P12/$T$4*$BI$1) -> 0 | BJ12: =+IF($D12<>"",BJ$6*$Q12/$T$4*VLOOKUP($M12,CÁRNICOS!$CD$13:$CJ$48,7,FALSE),BJ$5*$Q12/$T$4*$BI$1) -> 0 | BK12: =+IF($D12<>"",BK$6*$R12/$T$4*VLOOKUP($M12,CÁRNICOS!$CD$13:$CJ$48,7,FALSE),BK$5*$R12/$T$4*$BI$1) -> 0 | BL12: =+IF($D12<>"",BL$6*$S12/$T$4*VLOOKUP($M12,CÁRNICOS!$CD$13:$CJ$48,7,FALSE),BL$5*$S12/$T$4*$BI$1) -> 0 | BM12: =+IF($D12<>"",BM$6*$T12/$T$4*VLOOKUP($M12,CÁRNICOS!$CD$13:$CJ$48,7,FALSE),BM$5*$T12/$T$4*$BI$1) -> 0 | BN12: =IF($J12<>"",0,SUM(BI12:BM12)) -> 0 | BO12: =+ROUNDUP(BN12/BO$4,0) -> 0 | BP12: =+IF(BN12*BO12=0,0,(ROUNDUP(BN12/BO12,3))) -> 0 | BR12: =+L12 -> 2 | BS12: =+M12 -> ANSERMA | BT12: =+N12 -> INSTITUCION EDUCATIVA AURELIANO FLOREZ CARDONA | BU12: =+O12 -> CENTRO EDUCATIVO SIMON BOLIVAR | BV12: =+Z12 -> 0 | BW12: =+AH12 -> 0 | BX12: =+AP12 -> 0 | BY12: =+AX12 -> 2.862 | BZ12: =+BF12 -> 0 | CA12: =+BN12 -> 0 | CD12: MUNICIPIOS | CE12: =+CONSOLIDADO!D$7 -> CERDO 1 | CF12: =+CONSOLIDADO!I$7 -> CERDO 2 | CG12: RES | CH12: =+CONSOLIDADO!S$7 -> POLLO 1 | CI12: =+CONSOLIDADO!X$7 -> POLLO 2 | CJ12: =+CONSOLIDADO!AC$7 -> POLLO 3
B13: =+B12+1 -> 6 | C13: =SUM(P13:T13) -> 24 | D13: X | L13: 3 | M13: ANSERMA | N13: INSTITUCION EDUCATIVA EL HORRO | O13: SEDE EL PARAISO | P13: 0 | Q13: 24 | R13: 0 | S13: 0 | T13: 0 | U13: =+IF($D13<>"",U$6*$P13/$T$4*VLOOKUP($M13,CÁRNICOS!$CD$13:$CJ$48,2,FALSE),U$5*$P13/$T$4*$U$1) -> 0 | V13: =+IF($D13<>"",V$6*$Q13/$T$4*VLOOKUP($M13,CÁRNICOS!$CD$13:$CJ$48,2,FALSE),V$5*$Q13/$T$4*$U$1) -> 0 | W13: =+IF($D13<>"",W$6*$R13/$T$4*VLOOKUP($M13,CÁRNICOS!$CD$13:$CJ$48,2,FALSE),W$5*$R13/$T$4*$U$1) -> 0 | X13: =+IF($D13<>"",X$6*$S13/$T$4*VLOOKUP($M13,CÁRNICOS!$CD$13:$CJ$48,2,FALSE),X$5*$S13/$T$4*$U$1) -> 0 | Y13: =+IF($D13<>"",Y$6*$T13/$T$4*VLOOKUP($M13,CÁRNICOS!$CD$13:$CJ$48,2,FALSE),Y$5*$T13/$T$4*$U$1) -> 0 | Z13: =IF($E13<>"",0,SUM(U13:Y13)) -> 0 | AA13: =+ROUNDUP(Z13/AA$4,0) -> 0 | AB13: =+IF(Z13*AA13=0,0,(ROUNDUP(Z13/AA13,3))) -> 0 | AC13: =+IF($D13<>"",AC$6*$P13/$T$4*VLOOKUP($M13,CÁRNICOS!$CD$13:$CJ$48,3,FALSE),AC$5*$P13/$T$4*$AC$1) -> 0 | AD13: =+IF($D13<>"",AD$6*$Q13/$T$4*VLOOKUP($M13,CÁRNICOS!$CD$13:$CJ$48,3,FALSE),AD$5*$Q13/$T$4*$AC$1) -> 0 | AE13: =+IF($D13<>"",AE$6*$R13/$T$4*VLOOKUP($M13,CÁRNICOS!$CD$13:$CJ$48,3,FALSE),AE$5*$R13/$T$4*$AC$1) -> 0 | AF13: =+IF($D13<>"",AF$6*$S13/$T$4*VLOOKUP($M13,CÁRNICOS!$CD$13:$CJ$48,3,FALSE),AF$5*$S13/$T$4*$AC$1) -> 0 | AG13: =+IF($D13<>"",AG$6*$T13/$T$4*VLOOKUP($M13,CÁRNICOS!$CD$13:$CJ$48,3,FALSE),AG$5*$T13/$T$4*$AC$1) -> 0 | AH13: =IF($F13<>"",0,SUM(AC13:AG13)) -> 0 | AI13: =+ROUNDUP(AH13/AI$4,0) -> 0 | AJ13: =+IF(AH13*AI13=0,0,(ROUNDUP(AH13/AI13,3))) -> 0 | AK13: =+IF($D13<>"",AK$6*$P13/$T$4*VLOOKUP($M13,CÁRNICOS!$CD$13:$CJ$48,4,FALSE),AK$5*$P13/$T$4*$AK$1) -> 0 | AL13: =+IF($D13<>"",AL$6*$Q13/$T$4*VLOOKUP($M13,CÁRNICOS!$CD$13:$CJ$48,4,FALSE),AL$5*$Q13/$T$4*$AK$1) -> 0 | AM13: =+IF($D13<>"",AM$6*$R13/$T$4*VLOOKUP($M13,CÁRNICOS!$CD$13:$CJ$48,4,FALSE),AM$5*$R13/$T$4*$AK$1) -> 0 | AN13: =+IF($D13<>"",AN$6*$S13/$T$4*VLOOKUP($M13,CÁRNICOS!$CD$13:$CJ$48,4,FALSE),AN$5*$S13/$T$4*$AK$1) -> 0 | AO13: =+IF($D13<>"",AO$6*$T13/$T$4*VLOOKUP($M13,CÁRNICOS!$CD$13:$CJ$48,4,FALSE),AO$5*$T13/$T$4*$AK$1) -> 0 | AP13: =IF($G13<>"",0,SUM(AK13:AO13)) -> 0 | AQ13: =+ROUNDUP(AP13/AQ$4,0) -> 0 | AR13: =+IF(AP13*AQ13=0,0,(ROUNDUP(AP13/AQ13,3))) -> 0 | AS13: =+IF($D13<>"",AS$6*$P13/$T$4*VLOOKUP($M13,CÁRNICOS!$CD$13:$CJ$48,5,FALSE),AS$5*$P13/$T$4*$AS$1) -> 0 | AT13: =+IF($D13<>"",AT$6*$Q13/$T$4*VLOOKUP($M13,CÁRNICOS!$CD$13:$CJ$48,5,FALSE),AT$5*$Q13/$T$4*$AS$1) -> 1.296 | AU13: =+IF($D13<>"",AU$6*$R13/$T$4*VLOOKUP($M13,CÁRNICOS!$CD$13:$CJ$48,5,FALSE),AU$5*$R13/$T$4*$AS$1) -> 0 | AV13: =+IF($D13<>"",AV$6*$S13/$T$4*VLOOKUP($M13,CÁRNICOS!$CD$13:$CJ$48,5,FALSE),AV$5*$S13/$T$4*$AS$1) -> 0 | AW13: =+IF($D13<>"",AW$6*$T13/$T$4*VLOOKUP($M13,CÁRNICOS!$CD$13:$CJ$48,5,FALSE),AW$5*$T13/$T$4*$AS$1) -> 0 | AX13: =IF($H13<>"",0,SUM(AS13:AW13)) -> 1.296 | AY13: =+ROUNDUP(AX13/AY$4,0) -> 1 | AZ13: =+IF(AX13*AY13=0,0,(ROUNDUP(AX13/AY13,3))) -> 1.296 | BA13: =+IF($D13<>"",BA$6*$P13/$T$4*VLOOKUP($M13,CÁRNICOS!$CD$13:$CJ$48,6,FALSE),BA$5*$P13/$T$4*$BA$1) -> 0 | BB13: =+IF($D13<>"",BB$6*$Q13/$T$4*VLOOKUP($M13,CÁRNICOS!$CD$13:$CJ$48,6,FALSE),BB$5*$Q13/$T$4*$BA$1) -> 0 | BC13: =+IF($D13<>"",BC$6*$R13/$T$4*VLOOKUP($M13,CÁRNICOS!$CD$13:$CJ$48,6,FALSE),BC$5*$R13/$T$4*$BA$1) -> 0 | BD13: =+IF($D13<>"",BD$6*$S13/$T$4*VLOOKUP($M13,CÁRNICOS!$CD$13:$CJ$48,6,FALSE),BD$5*$S13/$T$4*$BA$1) -> 0 | BE13: =+IF($D13<>"",BE$6*$T13/$T$4*VLOOKUP($M13,CÁRNICOS!$CD$13:$CJ$48,6,FALSE),BE$5*$T13/$T$4*$BA$1) -> 0 | BF13: =IF($I13<>"",0,SUM(BA13:BE13)) -> 0 | BG13: =+ROUNDUP(BF13/BG$4,0) -> 0 | BH13: =+IF(BF13*BG13=0,0,(ROUNDUP(BF13/BG13,3))) -> 0 | BI13: =+IF($D13<>"",BI$6*$P13/$T$4*VLOOKUP($M13,CÁRNICOS!$CD$13:$CJ$48,7,FALSE),BI$5*$P13/$T$4*$BI$1) -> 0 | BJ13: =+IF($D13<>"",BJ$6*$Q13/$T$4*VLOOKUP($M13,CÁRNICOS!$CD$13:$CJ$48,7,FALSE),BJ$5*$Q13/$T$4*$BI$1) -> 0 | BK13: =+IF($D13<>"",BK$6*$R13/$T$4*VLOOKUP($M13,CÁRNICOS!$CD$13:$CJ$48,7,FALSE),BK$5*$R13/$T$4*$BI$1) -> 0 | BL13: =+IF($D13<>"",BL$6*$S13/$T$4*VLOOKUP($M13,CÁRNICOS!$CD$13:$CJ$48,7,FALSE),BL$5*$S13/$T$4*$BI$1) -> 0 | BM13: =+IF($D13<>"",BM$6*$T13/$T$4*VLOOKUP($M13,CÁRNICOS!$CD$13:$CJ$48,7,FALSE),BM$5*$T13/$T$4*$BI$1) -> 0 | BN13: =IF($J13<>"",0,SUM(BI13:BM13)) -> 0 | BO13: =+ROUNDUP(BN13/BO$4,0) -> 0 | BP13: =+IF(BN13*BO13=0,0,(ROUNDUP(BN13/BO13,3))) -> 0 | BQ13: x | BR13: =+L13 -> 3 | BS13: =+M13 -> ANSERMA | BT13: =+N13 -> INSTITUCION EDUCATIVA EL HORRO | BU13: =+O13 -> SEDE EL PARAISO | BV13: =+Z13 -> 0 | BW13: =+AH13 -> 0 | BX13: =+AP13 -> 0 | BY13: =+AX13 -> 1.296 | BZ13: =+BF13 -> 0 | CA13: =+BN13 -> 0 | CD13: =+CONSOLIDADO!C12 -> LA DORADA | CE13: =+CE$11 -> 0 | CF13: =+CF$11 -> 0 | CG13: =+CG$11 -> 0 | CH13: =+CH$11 -> 1 | CI13: =+CI$11 -> 0 | CJ13: =+CJ$11 -> 0
B14: =+COUNTIF($M$8:M14,M14) -> 1 | C14: =SUM(P14:T14) -> 119 | D14: X | L14: 1 | M14: ARANZAZU | N14: INSTITUCION EDUCATIVA PIO XI | O14: ESCUELA MANUEL GUTIERREZ ROBLEDO | P14: 10 | Q14: 70 | R14: 39 | S14: 0 | T14: 0 | U14: =+IF($D14<>"",U$6*$P14/$T$4*VLOOKUP($M14,CÁRNICOS!$CD$13:$CJ$48,2,FALSE),U$5*$P14/$T$4*$U$1) -> 0 | V14: =+IF($D14<>"",V$6*$Q14/$T$4*VLOOKUP($M14,CÁRNICOS!$CD$13:$CJ$48,2,FALSE),V$5*$Q14/$T$4*$U$1) -> 0 | W14: =+IF($D14<>"",W$6*$R14/$T$4*VLOOKUP($M14,CÁRNICOS!$CD$13:$CJ$48,2,FALSE),W$5*$R14/$T$4*$U$1) -> 0 | X14: =+IF($D14<>"",X$6*$S14/$T$4*VLOOKUP($M14,CÁRNICOS!$CD$13:$CJ$48,2,FALSE),X$5*$S14/$T$4*$U$1) -> 0 | Y14: =+IF($D14<>"",Y$6*$T14/$T$4*VLOOKUP($M14,CÁRNICOS!$CD$13:$CJ$48,2,FALSE),Y$5*$T14/$T$4*$U$1) -> 0 | Z14: =IF($E14<>"",0,SUM(U14:Y14)) -> 0 | AA14: =+ROUNDUP(Z14/AA$4,0) -> 0 | AB14: =+IF(Z14*AA14=0,0,(ROUNDUP(Z14/AA14,3))) -> 0 | AC14: =+IF($D14<>"",AC$6*$P14/$T$4*VLOOKUP($M14,CÁRNICOS!$CD$13:$CJ$48,3,FALSE),AC$5*$P14/$T$4*$AC$1) -> 0 | AD14: =+IF($D14<>"",AD$6*$Q14/$T$4*VLOOKUP($M14,CÁRNICOS!$CD$13:$CJ$48,3,FALSE),AD$5*$Q14/$T$4*$AC$1) -> 0 | AE14: =+IF($D14<>"",AE$6*$R14/$T$4*VLOOKUP($M14,CÁRNICOS!$CD$13:$CJ$48,3,FALSE),AE$5*$R14/$T$4*$AC$1) -> 0 | AF14: =+IF($D14<>"",AF$6*$S14/$T$4*VLOOKUP($M14,CÁRNICOS!$CD$13:$CJ$48,3,FALSE),AF$5*$S14/$T$4*$AC$1) -> 0 | AG14: =+IF($D14<>"",AG$6*$T14/$T$4*VLOOKUP($M14,CÁRNICOS!$CD$13:$CJ$48,3,FALSE),AG$5*$T14/$T$4*$AC$1) -> 0 | AH14: =IF($F14<>"",0,SUM(AC14:AG14)) -> 0 | AI14: =+ROUNDUP(AH14/AI$4,0) -> 0 | AJ14: =+IF(AH14*AI14=0,0,(ROUNDUP(AH14/AI14,3))) -> 0 | AK14: =+IF($D14<>"",AK$6*$P14/$T$4*VLOOKUP($M14,CÁRNICOS!$CD$13:$CJ$48,4,FALSE),AK$5*$P14/$T$4*$AK$1) -> 0 | AL14: =+IF($D14<>"",AL$6*$Q14/$T$4*VLOOKUP($M14,CÁRNICOS!$CD$13:$CJ$48,4,FALSE),AL$5*$Q14/$T$4*$AK$1) -> 0 | AM14: =+IF($D14<>"",AM$6*$R14/$T$4*VLOOKUP($M14,CÁRNICOS!$CD$13:$CJ$48,4,FALSE),AM$5*$R14/$T$4*$AK$1) -> 0 | AN14: =+IF($D14<>"",AN$6*$S14/$T$4*VLOOKUP($M14,CÁRNICOS!$CD$13:$CJ$48,4,FALSE),AN$5*$S14/$T$4*$AK$1) -> 0 | AO14: =+IF($D14<>"",AO$6*$T14/$T$4*VLOOKUP($M14,CÁRNICOS!$CD$13:$CJ$48,4,FALSE),AO$5*$T14/$T$4*$AK$1) -> 0 | AP14: =IF($G14<>"",0,SUM(AK14:AO14)) -> 0 | AQ14: =+ROUNDUP(AP14/AQ$4,0) -> 0 | AR14: =+IF(AP14*AQ14=0,0,(ROUNDUP(AP14/AQ14,3))) -> 0 | AS14: =+IF($D14<>"",AS$6*$P14/$T$4*VLOOKUP($M14,CÁRNICOS!$CD$13:$CJ$48,5,FALSE),AS$5*$P14/$T$4*$AS$1) -> 0.54 | AT14: =+IF($D14<>"",AT$6*$Q14/$T$4*VLOOKUP($M14,CÁRNICOS!$CD$13:$CJ$48,5,FALSE),AT$5*$Q14/$T$4*$AS$1) -> 3.78 | AU14: =+IF($D14<>"",AU$6*$R14/$T$4*VLOOKUP($M14,CÁRNICOS!$CD$13:$CJ$48,5,FALSE),AU$5*$R14/$T$4*$AS$1) -> 2.535 | AV14: =+IF($D14<>"",AV$6*$S14/$T$4*VLOOKUP($M14,CÁRNICOS!$CD$13:$CJ$48,5,FALSE),AV$5*$S14/$T$4*$AS$1) -> 0 | AW14: =+IF($D14<>"",AW$6*$T14/$T$4*VLOOKUP($M14,CÁRNICOS!$CD$13:$CJ$48,5,FALSE),AW$5*$T14/$T$4*$AS$1) -> 0 | AX14: =IF($H14<>"",0,SUM(AS14:AW14)) -> 6.855 | AY14: =+ROUNDUP(AX14/AY$4,0) -> 1 | AZ14: =+IF(AX14*AY14=0,0,(ROUNDUP(AX14/AY14,3))) -> 6.855 | BA14: =+IF($D14<>"",BA$6*$P14/$T$4*VLOOKUP($M14,CÁRNICOS!$CD$13:$CJ$48,6,FALSE),BA$5*$P14/$T$4*$BA$1) -> 0 | BB14: =+IF($D14<>"",BB$6*$Q14/$T$4*VLOOKUP($M14,CÁRNICOS!$CD$13:$CJ$48,6,FALSE),BB$5*$Q14/$T$4*$BA$1) -> 0 | BC14: =+IF($D14<>"",BC$6*$R14/$T$4*VLOOKUP($M14,CÁRNICOS!$CD$13:$CJ$48,6,FALSE),BC$5*$R14/$T$4*$BA$1) -> 0 | BD14: =+IF($D14<>"",BD$6*$S14/$T$4*VLOOKUP($M14,CÁRNICOS!$CD$13:$CJ$48,6,FALSE),BD$5*$S14/$T$4*$BA$1) -> 0 | BE14: =+IF($D14<>"",BE$6*$T14/$T$4*VLOOKUP($M14,CÁRNICOS!$CD$13:$CJ$48,6,FALSE),BE$5*$T14/$T$4*$BA$1) -> 0 | BF14: =IF($I14<>"",0,SUM(BA14:BE14)) -> 0 | BG14: =+ROUNDUP(BF14/BG$4,0) -> 0 | BH14: =+IF(BF14*BG14=0,0,(ROUNDUP(BF14/BG14,3))) -> 0 | BI14: =+IF($D14<>"",BI$6*$P14/$T$4*VLOOKUP($M14,CÁRNICOS!$CD$13:$CJ$48,7,FALSE),BI$5*$P14/$T$4*$BI$1) -> 0 | BJ14: =+IF($D14<>"",BJ$6*$Q14/$T$4*VLOOKUP($M14,CÁRNICOS!$CD$13:$CJ$48,7,FALSE),BJ$5*$Q14/$T$4*$BI$1) -> 0 | BK14: =+IF($D14<>"",BK$6*$R14/$T$4*VLOOKUP($M14,CÁRNICOS!$CD$13:$CJ$48,7,FALSE),BK$5*$R14/$T$4*$BI$1) -> 0 | BL14: =+IF($D14<>"",BL$6*$S14/$T$4*VLOOKUP($M14,CÁRNICOS!$CD$13:$CJ$48,7,FALSE),BL$5*$S14/$T$4*$BI$1) -> 0 | BM14: =+IF($D14<>"",BM$6*$T14/$T$4*VLOOKUP($M14,CÁRNICOS!$CD$13:$CJ$48,7,FALSE),BM$5*$T14/$T$4*$BI$1) -> 0 | BN14: =IF($J14<>"",0,SUM(BI14:BM14)) -> 0 | BO14: =+ROUNDUP(BN14/BO$4,0) -> 0 | BP14: =+IF(BN14*BO14=0,0,(ROUNDUP(BN14/BO14,3))) -> 0 | BQ14: x | BR14: =+L14 -> 1 | BS14: =+M14 -> ARANZAZU | BT14: =+N14 -> INSTITUCION EDUCATIVA PIO XI | BU14: =+O14 -> ESCUELA MANUEL GUTIERREZ ROBLEDO | BV14: =+Z14 -> 0 | BW14: =+AH14 -> 0 | BX14: =+AP14 -> 0 | BY14: =+AX14 -> 6.855 | BZ14: =+BF14 -> 0 | CA14: =+BN14 -> 0 | CD14: =+CONSOLIDADO!C13 -> NORCASIA | CE14: =+CE$11 -> 0 | CF14: =+CF$11 -> 0 | CG14: =+CG$11 -> 0 | CH14: =+CH$11 -> 1 | CI14: =+CI$11 -> 0 | CJ14: =+CJ$11 -> 0
B15: =+COUNTIF($M$8:M15,M15) -> 1 | C15: =SUM(P15:T15) -> 7 | D15: X | L15: 1 | M15: BELALCÁZAR | N15: INSTITUCION EDUCATIVA EL MADROÑO | O15: CONVENTOS | P15: 1 | Q15: 4 | R15: 2 | S15: 0 | T15: 0 | U15: =+IF($D15<>"",U$6*$P15/$T$4*VLOOKUP($M15,CÁRNICOS!$CD$13:$CJ$48,2,FALSE),U$5*$P15/$T$4*$U$1) -> 0 | V15: =+IF($D15<>"",V$6*$Q15/$T$4*VLOOKUP($M15,CÁRNICOS!$CD$13:$CJ$48,2,FALSE),V$5*$Q15/$T$4*$U$1) -> 0 | W15: =+IF($D15<>"",W$6*$R15/$T$4*VLOOKUP($M15,CÁRNICOS!$CD$13:$CJ$48,2,FALSE),W$5*$R15/$T$4*$U$1) -> 0 | X15: =+IF($D15<>"",X$6*$S15/$T$4*VLOOKUP($M15,CÁRNICOS!$CD$13:$CJ$48,2,FALSE),X$5*$S15/$T$4*$U$1) -> 0 | Y15: =+IF($D15<>"",Y$6*$T15/$T$4*VLOOKUP($M15,CÁRNICOS!$CD$13:$CJ$48,2,FALSE),Y$5*$T15/$T$4*$U$1) -> 0 | Z15: =IF($E15<>"",0,SUM(U15:Y15)) -> 0 | AA15: =+ROUNDUP(Z15/AA$4,0) -> 0 | AB15: =+IF(Z15*AA15=0,0,(ROUNDUP(Z15/AA15,3))) -> 0 | AC15: =+IF($D15<>"",AC$6*$P15/$T$4*VLOOKUP($M15,CÁRNICOS!$CD$13:$CJ$48,3,FALSE),AC$5*$P15/$T$4*$AC$1) -> 0 | AD15: =+IF($D15<>"",AD$6*$Q15/$T$4*VLOOKUP($M15,CÁRNICOS!$CD$13:$CJ$48,3,FALSE),AD$5*$Q15/$T$4*$AC$1) -> 0 | AE15: =+IF($D15<>"",AE$6*$R15/$T$4*VLOOKUP($M15,CÁRNICOS!$CD$13:$CJ$48,3,FALSE),AE$5*$R15/$T$4*$AC$1) -> 0 | AF15: =+IF($D15<>"",AF$6*$S15/$T$4*VLOOKUP($M15,CÁRNICOS!$CD$13:$CJ$48,3,FALSE),AF$5*$S15/$T$4*$AC$1) -> 0 | AG15: =+IF($D15<>"",AG$6*$T15/$T$4*VLOOKUP($M15,CÁRNICOS!$CD$13:$CJ$48,3,FALSE),AG$5*$T15/$T$4*$AC$1) -> 0 | AH15: =IF($F15<>"",0,SUM(AC15:AG15)) -> 0 | AI15: =+ROUNDUP(AH15/AI$4,0) -> 0 | AJ15: =+IF(AH15*AI15=0,0,(ROUNDUP(AH15/AI15,3))) -> 0 | AK15: =+IF($D15<>"",AK$6*$P15/$T$4*VLOOKUP($M15,CÁRNICOS!$CD$13:$CJ$48,4,FALSE),AK$5*$P15/$T$4*$AK$1) -> 0 | AL15: =+IF($D15<>"",AL$6*$Q15/$T$4*VLOOKUP($M15,CÁRNICOS!$CD$13:$CJ$48,4,FALSE),AL$5*$Q15/$T$4*$AK$1) -> 0 | AM15: =+IF($D15<>"",AM$6*$R15/$T$4*VLOOKUP($M15,CÁRNICOS!$CD$13:$CJ$48,4,FALSE),AM$5*$R15/$T$4*$AK$1) -> 0 | AN15: =+IF($D15<>"",AN$6*$S15/$T$4*VLOOKUP($M15,CÁRNICOS!$CD$13:$CJ$48,4,FALSE),AN$5*$S15/$T$4*$AK$1) -> 0 | AO15: =+IF($D15<>"",AO$6*$T15/$T$4*VLOOKUP($M15,CÁRNICOS!$CD$13:$CJ$48,4,FALSE),AO$5*$T15/$T$4*$AK$1) -> 0 | AP15: =IF($G15<>"",0,SUM(AK15:AO15)) -> 0 | AQ15: =+ROUNDUP(AP15/AQ$4,0) -> 0 | AR15: =+IF(AP15*AQ15=0,0,(ROUNDUP(AP15/AQ15,3))) -> 0 | AS15: =+IF($D15<>"",AS$6*$P15/$T$4*VLOOKUP($M15,CÁRNICOS!$CD$13:$CJ$48,5,FALSE),AS$5*$P15/$T$4*$AS$1) -> 0.054 | AT15: =+IF($D15<>"",AT$6*$Q15/$T$4*VLOOKUP($M15,CÁRNICOS!$CD$13:$CJ$48,5,FALSE),AT$5*$Q15/$T$4*$AS$1) -> 0.216 | AU15: =+IF($D15<>"",AU$6*$R15/$T$4*VLOOKUP($M15,CÁRNICOS!$CD$13:$CJ$48,5,FALSE),AU$5*$R15/$T$4*$AS$1) -> 0.13 | AV15: =+IF($D15<>"",AV$6*$S15/$T$4*VLOOKUP($M15,CÁRNICOS!$CD$13:$CJ$48,5,FALSE),AV$5*$S15/$T$4*$AS$1) -> 0 | AW15: =+IF($D15<>"",AW$6*$T15/$T$4*VLOOKUP($M15,CÁRNICOS!$CD$13:$CJ$48,5,FALSE),AW$5*$T15/$T$4*$AS$1) -> 0 | AX15: =IF($H15<>"",0,SUM(AS15:AW15)) -> 0.4 | AY15: =+ROUNDUP(AX15/AY$4,0) -> 1 | AZ15: =+IF(AX15*AY15=0,0,(ROUNDUP(AX15/AY15,3))) -> 0.4 | BA15: =+IF($D15<>"",BA$6*$P15/$T$4*VLOOKUP($M15,CÁRNICOS!$CD$13:$CJ$48,6,FALSE),BA$5*$P15/$T$4*$BA$1) -> 0 | BB15: =+IF($D15<>"",BB$6*$Q15/$T$4*VLOOKUP($M15,CÁRNICOS!$CD$13:$CJ$48,6,FALSE),BB$5*$Q15/$T$4*$BA$1) -> 0 | BC15: =+IF($D15<>"",BC$6*$R15/$T$4*VLOOKUP($M15,CÁRNICOS!$CD$13:$CJ$48,6,FALSE),BC$5*$R15/$T$4*$BA$1) -> 0 | BD15: =+IF($D15<>"",BD$6*$S15/$T$4*VLOOKUP($M15,CÁRNICOS!$CD$13:$CJ$48,6,FALSE),BD$5*$S15/$T$4*$BA$1) -> 0 | BE15: =+IF($D15<>"",BE$6*$T15/$T$4*VLOOKUP($M15,CÁRNICOS!$CD$13:$CJ$48,6,FALSE),BE$5*$T15/$T$4*$BA$1) -> 0 | BF15: =IF($I15<>"",0,SUM(BA15:BE15)) -> 0 | BG15: =+ROUNDUP(BF15/BG$4,0) -> 0 | BH15: =+IF(BF15*BG15=0,0,(ROUNDUP(BF15/BG15,3))) -> 0 | BI15: =+IF($D15<>"",BI$6*$P15/$T$4*VLOOKUP($M15,CÁRNICOS!$CD$13:$CJ$48,7,FALSE),BI$5*$P15/$T$4*$BI$1) -> 0 | BJ15: =+IF($D15<>"",BJ$6*$Q15/$T$4*VLOOKUP($M15,CÁRNICOS!$CD$13:$CJ$48,7,FALSE),BJ$5*$Q15/$T$4*$BI$1) -> 0 | BK15: =+IF($D15<>"",BK$6*$R15/$T$4*VLOOKUP($M15,CÁRNICOS!$CD$13:$CJ$48,7,FALSE),BK$5*$R15/$T$4*$BI$1) -> 0 | BL15: =+IF($D15<>"",BL$6*$S15/$T$4*VLOOKUP($M15,CÁRNICOS!$CD$13:$CJ$48,7,FALSE),BL$5*$S15/$T$4*$BI$1) -> 0 | BM15: =+IF($D15<>"",BM$6*$T15/$T$4*VLOOKUP($M15,CÁRNICOS!$CD$13:$CJ$48,7,FALSE),BM$5*$T15/$T$4*$BI$1) -> 0 | BN15: =IF($J15<>"",0,SUM(BI15:BM15)) -> 0 | BO15: =+ROUNDUP(BN15/BO$4,0) -> 0 | BP15: =+IF(BN15*BO15=0,0,(ROUNDUP(BN15/BO15,3))) -> 0 | BQ15: x | BR15: =+L15 -> 1 | BS15: =+M15 -> BELALCÁZAR | BT15: =+N15 -> INSTITUCION EDUCATIVA EL MADROÑO | BU15: =+O15 -> CONVENTOS | BV15: =+Z15 -> 0 | BW15: =+AH15 -> 0 | BX15: =+AP15 -> 0 | BY15: =+AX15 -> 0.4 | BZ15: =+BF15 -> 0 | CA15: =+BN15 -> 0 | CD15: =+CONSOLIDADO!C14 -> SAMANÁ | CE15: =+CE$11 -> 0 | CF15: =+CF$11 -> 0 | CG15: =+CG$11 -> 0 | CH15: =+CH$11 -> 1 | CI15: =+CI$11 -> 0 | CJ15: =+CJ$11 -> 0
B16: =+COUNTIF($M$8:M16,M16) -> 2 | C16: =SUM(P16:T16) -> 21 | D16: X | L16: 1 | M16: BELALCÁZAR | N16: INSTITUCION EDUCATIVA EL MADROÑO | O16: INSTITUCION EDUCATIVA EL MADROÑO - SEDE PRINCIPAL | P16: 0 | Q16: 0 | R16: 0 | S16: 21 | T16: 0 | U16: =+IF($D16<>"",U$6*$P16/$T$4*VLOOKUP($M16,CÁRNICOS!$CD$13:$CJ$48,2,FALSE),U$5*$P16/$T$4*$U$1) -> 0 | V16: =+IF($D16<>"",V$6*$Q16/$T$4*VLOOKUP($M16,CÁRNICOS!$CD$13:$CJ$48,2,FALSE),V$5*$Q16/$T$4*$U$1) -> 0 | W16: =+IF($D16<>"",W$6*$R16/$T$4*VLOOKUP($M16,CÁRNICOS!$CD$13:$CJ$48,2,FALSE),W$5*$R16/$T$4*$U$1) -> 0 | X16: =+IF($D16<>"",X$6*$S16/$T$4*VLOOKUP($M16,CÁRNICOS!$CD$13:$CJ$48,2,FALSE),X$5*$S16/$T$4*$U$1) -> 0 | Y16: =+IF($D16<>"",Y$6*$T16/$T$4*VLOOKUP($M16,CÁRNICOS!$CD$13:$CJ$48,2,FALSE),Y$5*$T16/$T$4*$U$1) -> 0 | Z16: =IF($E16<>"",0,SUM(U16:Y16)) -> 0 | AA16: =+ROUNDUP(Z16/AA$4,0) -> 0 | AB16: =+IF(Z16*AA16=0,0,(ROUNDUP(Z16/AA16,3))) -> 0 | AC16: =+IF($D16<>"",AC$6*$P16/$T$4*VLOOKUP($M16,CÁRNICOS!$CD$13:$CJ$48,3,FALSE),AC$5*$P16/$T$4*$AC$1) -> 0 | AD16: =+IF($D16<>"",AD$6*$Q16/$T$4*VLOOKUP($M16,CÁRNICOS!$CD$13:$CJ$48,3,FALSE),AD$5*$Q16/$T$4*$AC$1) -> 0 | AE16: =+IF($D16<>"",AE$6*$R16/$T$4*VLOOKUP($M16,CÁRNICOS!$CD$13:$CJ$48,3,FALSE),AE$5*$R16/$T$4*$AC$1) -> 0 | AF16: =+IF($D16<>"",AF$6*$S16/$T$4*VLOOKUP($M16,CÁRNICOS!$CD$13:$CJ$48,3,FALSE),AF$5*$S16/$T$4*$AC$1) -> 0 | AG16: =+IF($D16<>"",AG$6*$T16/$T$4*VLOOKUP($M16,CÁRNICOS!$CD$13:$CJ$48,3,FALSE),AG$5*$T16/$T$4*$AC$1) -> 0 | AH16: =IF($F16<>"",0,SUM(AC16:AG16)) -> 0 | AI16: =+ROUNDUP(AH16/AI$4,0) -> 0 | AJ16: =+IF(AH16*AI16=0,0,(ROUNDUP(AH16/AI16,3))) -> 0 | AK16: =+IF($D16<>"",AK$6*$P16/$T$4*VLOOKUP($M16,CÁRNICOS!$CD$13:$CJ$48,4,FALSE),AK$5*$P16/$T$4*$AK$1) -> 0 | AL16: =+IF($D16<>"",AL$6*$Q16/$T$4*VLOOKUP($M16,CÁRNICOS!$CD$13:$CJ$48,4,FALSE),AL$5*$Q16/$T$4*$AK$1) -> 0 | AM16: =+IF($D16<>"",AM$6*$R16/$T$4*VLOOKUP($M16,CÁRNICOS!$CD$13:$CJ$48,4,FALSE),AM$5*$R16/$T$4*$AK$1) -> 0 | AN16: =+IF($D16<>"",AN$6*$S16/$T$4*VLOOKUP($M16,CÁRNICOS!$CD$13:$CJ$48,4,FALSE),AN$5*$S16/$T$4*$AK$1) -> 0 | AO16: =+IF($D16<>"",AO$6*$T16/$T$4*VLOOKUP($M16,CÁRNICOS!$CD$13:$CJ$48,4,FALSE),AO$5*$T16/$T$4*$AK$1) -> 0 | AP16: =IF($G16<>"",0,SUM(AK16:AO16)) -> 0 | AQ16: =+ROUNDUP(AP16/AQ$4,0) -> 0 | AR16: =+IF(AP16*AQ16=0,0,(ROUNDUP(AP16/AQ16,3))) -> 0 | AS16: =+IF($D16<>"",AS$6*$P16/$T$4*VLOOKUP($M16,CÁRNICOS!$CD$13:$CJ$48,5,FALSE),AS$5*$P16/$T$4*$AS$1) -> 0 | AT16: =+IF($D16<>"",AT$6*$Q16/$T$4*VLOOKUP($M16,CÁRNICOS!$CD$13:$CJ$48,5,FALSE),AT$5*$Q16/$T$4*$AS$1) -> 0 | AU16: =+IF($D16<>"",AU$6*$R16/$T$4*VLOOKUP($M16,CÁRNICOS!$CD$13:$CJ$48,5,FALSE),AU$5*$R16/$T$4*$AS$1) -> 0 | AV16: =+IF($D16<>"",AV$6*$S16/$T$4*VLOOKUP($M16,CÁRNICOS!$CD$13:$CJ$48,5,FALSE),AV$5*$S16/$T$4*$AS$1) -> 1.68 | AW16: =+IF($D16<>"",AW$6*$T16/$T$4*VLOOKUP($M16,CÁRNICOS!$CD$13:$CJ$48,5,FALSE),AW$5*$T16/$T$4*$AS$1) -> 0 | AX16: =IF($H16<>"",0,SUM(AS16:AW16)) -> 1.68 | AY16: =+ROUNDUP(AX16/AY$4,0) -> 1 | AZ16: =+IF(AX16*AY16=0,0,(ROUNDUP(AX16/AY16,3))) -> 1.68 | BA16: =+IF($D16<>"",BA$6*$P16/$T$4*VLOOKUP($M16,CÁRNICOS!$CD$13:$CJ$48,6,FALSE),BA$5*$P16/$T$4*$BA$1) -> 0 | BB16: =+IF($D16<>"",BB$6*$Q16/$T$4*VLOOKUP($M16,CÁRNICOS!$CD$13:$CJ$48,6,FALSE),BB$5*$Q16/$T$4*$BA$1) -> 0 | BC16: =+IF($D16<>"",BC$6*$R16/$T$4*VLOOKUP($M16,CÁRNICOS!$CD$13:$CJ$48,6,FALSE),BC$5*$R16/$T$4*$BA$1) -> 0 | BD16: =+IF($D16<>"",BD$6*$S16/$T$4*VLOOKUP($M16,CÁRNICOS!$CD$13:$CJ$48,6,FALSE),BD$5*$S16/$T$4*$BA$1) -> 0 | BE16: =+IF($D16<>"",BE$6*$T16/$T$4*VLOOKUP($M16,CÁRNICOS!$CD$13:$CJ$48,6,FALSE),BE$5*$T16/$T$4*$BA$1) -> 0 | BF16: =IF($I16<>"",0,SUM(BA16:BE16)) -> 0 | BG16: =+ROUNDUP(BF16/BG$4,0) -> 0 | BH16: =+IF(BF16*BG16=0,0,(ROUNDUP(BF16/BG16,3))) -> 0 | BI16: =+IF($D16<>"",BI$6*$P16/$T$4*VLOOKUP($M16,CÁRNICOS!$CD$13:$CJ$48,7,FALSE),BI$5*$P16/$T$4*$BI$1) -> 0 | BJ16: =+IF($D16<>"",BJ$6*$Q16/$T$4*VLOOKUP($M16,CÁRNICOS!$CD$13:$CJ$48,7,FALSE),BJ$5*$Q16/$T$4*$BI$1) -> 0 | BK16: =+IF($D16<>"",BK$6*$R16/$T$4*VLOOKUP($M16,CÁRNICOS!$CD$13:$CJ$48,7,FALSE),BK$5*$R16/$T$4*$BI$1) -> 0 | BL16: =+IF($D16<>"",BL$6*$S16/$T$4*VLOOKUP($M16,CÁRNICOS!$CD$13:$CJ$48,7,FALSE),BL$5*$S16/$T$4*$BI$1) -> 0 | BM16: =+IF($D16<>"",BM$6*$T16/$T$4*VLOOKUP($M16,CÁRNICOS!$CD$13:$CJ$48,7,FALSE),BM$5*$T16/$T$4*$BI$1) -> 0 | BN16: =IF($J16<>"",0,SUM(BI16:BM16)) -> 0 | BO16: =+ROUNDUP(BN16/BO$4,0) -> 0 | BP16: =+IF(BN16*BO16=0,0,(ROUNDUP(BN16/BO16,3))) -> 0 | BR16: =+L16 -> 1 | BS16: =+M16 -> BELALCÁZAR | BT16: =+N16 -> INSTITUCION EDUCATIVA EL MADROÑO | BU16: =+O16 -> INSTITUCION EDUCATIVA EL MADROÑO - SEDE PRINCIPAL | BV16: =+Z16 -> 0 | BW16: =+AH16 -> 0 | BX16: =+AP16 -> 0 | BY16: =+AX16 -> 1.68 | BZ16: =+BF16 -> 0 | CA16: =+BN16 -> 0 | CD16: =+CONSOLIDADO!C15 -> SAMANÁ (FLORENCIA) | CE16: =+CE$11 -> 0 | CF16: =+CF$11 -> 0 | CG16: =+CG$11 -> 0 | CH16: =+CH$11 -> 1 | CI16: =+CI$11 -> 0 | CJ16: =+CJ$11 -> 0
B17: =+COUNTIF($M$8:M17,M17) -> 3 | C17: =SUM(P17:T17) -> 47 | D17: X | L17: 4 | M17: BELALCÁZAR | N17: INSTITUCION EDUCATIVA CRISTO REY | O17: CENTRO DOCENTE MANUELA BELTRAN | P17: 47 | Q17: 0 | R17: 0 | S17: 0 | T17: 0 | U17: =+IF($D17<>"",U$6*$P17/$T$4*VLOOKUP($M17,CÁRNICOS!$CD$13:$CJ$48,2,FALSE),U$5*$P17/$T$4*$U$1) -> 0 | V17: =+IF($D17<>"",V$6*$Q17/$T$4*VLOOKUP($M17,CÁRNICOS!$CD$13:$CJ$48,2,FALSE),V$5*$Q17/$T$4*$U$1) -> 0 | W17: =+IF($D17<>"",W$6*$R17/$T$4*VLOOKUP($M17,CÁRNICOS!$CD$13:$CJ$48,2,FALSE),W$5*$R17/$T$4*$U$1) -> 0 | X17: =+IF($D17<>"",X$6*$S17/$T$4*VLOOKUP($M17,CÁRNICOS!$CD$13:$CJ$48,2,FALSE),X$5*$S17/$T$4*$U$1) -> 0 | Y17: =+IF($D17<>"",Y$6*$T17/$T$4*VLOOKUP($M17,CÁRNICOS!$CD$13:$CJ$48,2,FALSE),Y$5*$T17/$T$4*$U$1) -> 0 | Z17: =IF($E17<>"",0,SUM(U17:Y17)) -> 0 | AA17: =+ROUNDUP(Z17/AA$4,0) -> 0 | AB17: =+IF(Z17*AA17=0,0,(ROUNDUP(Z17/AA17,3))) -> 0 | AC17: =+IF($D17<>"",AC$6*$P17/$T$4*VLOOKUP($M17,CÁRNICOS!$CD$13:$CJ$48,3,FALSE),AC$5*$P17/$T$4*$AC$1) -> 0 | AD17: =+IF($D17<>"",AD$6*$Q17/$T$4*VLOOKUP($M17,CÁRNICOS!$CD$13:$CJ$48,3,FALSE),AD$5*$Q17/$T$4*$AC$1) -> 0 | AE17: =+IF($D17<>"",AE$6*$R17/$T$4*VLOOKUP($M17,CÁRNICOS!$CD$13:$CJ$48,3,FALSE),AE$5*$R17/$T$4*$AC$1) -> 0 | AF17: =+IF($D17<>"",AF$6*$S17/$T$4*VLOOKUP($M17,CÁRNICOS!$CD$13:$CJ$48,3,FALSE),AF$5*$S17/$T$4*$AC$1) -> 0 | AG17: =+IF($D17<>"",AG$6*$T17/$T$4*VLOOKUP($M17,CÁRNICOS!$CD$13:$CJ$48,3,FALSE),AG$5*$T17/$T$4*$AC$1) -> 0 | AH17: =IF($F17<>"",0,SUM(AC17:AG17)) -> 0 | AI17: =+ROUNDUP(AH17/AI$4,0) -> 0 | AJ17: =+IF(AH17*AI17=0,0,(ROUNDUP(AH17/AI17,3))) -> 0 | AK17: =+IF($D17<>"",AK$6*$P17/$T$4*VLOOKUP($M17,CÁRNICOS!$CD$13:$CJ$48,4,FALSE),AK$5*$P17/$T$4*$AK$1) -> 0 | AL17: =+IF($D17<>"",AL$6*$Q17/$T$4*VLOOKUP($M17,CÁRNICOS!$CD$13:$CJ$48,4,FALSE),AL$5*$Q17/$T$4*$AK$1) -> 0 | AM17: =+IF($D17<>"",AM$6*$R17/$T$4*VLOOKUP($M17,CÁRNICOS!$CD$13:$CJ$48,4,FALSE),AM$5*$R17/$T$4*$AK$1) -> 0 | AN17: =+IF($D17<>"",AN$6*$S17/$T$4*VLOOKUP($M17,CÁRNICOS!$CD$13:$CJ$48,4,FALSE),AN$5*$S17/$T$4*$AK$1) -> 0 | AO17: =+IF($D17<>"",AO$6*$T17/$T$4*VLOOKUP($M17,CÁRNICOS!$CD$13:$CJ$48,4,FALSE),AO$5*$T17/$T$4*$AK$1) -> 0 | AP17: =IF($G17<>"",0,SUM(AK17:AO17)) -> 0 | AQ17: =+ROUNDUP(AP17/AQ$4,0) -> 0 | AR17: =+IF(AP17*AQ17=0,0,(ROUNDUP(AP17/AQ17,3))) -> 0 | AS17: =+IF($D17<>"",AS$6*$P17/$T$4*VLOOKUP($M17,CÁRNICOS!$CD$13:$CJ$48,5,FALSE),AS$5*$P17/$T$4*$AS$1) -> 2.538 | AT17: =+IF($D17<>"",AT$6*$Q17/$T$4*VLOOKUP($M17,CÁRNICOS!$CD$13:$CJ$48,5,FALSE),AT$5*$Q17/$T$4*$AS$1) -> 0 | AU17: =+IF($D17<>"",AU$6*$R17/$T$4*VLOOKUP($M17,CÁRNICOS!$CD$13:$CJ$48,5,FALSE),AU$5*$R17/$T$4*$AS$1) -> 0 | AV17: =+IF($D17<>"",AV$6*$S17/$T$4*VLOOKUP($M17,CÁRNICOS!$CD$13:$CJ$48,5,FALSE),AV$5*$S17/$T$4*$AS$1) -> 0 | AW17: =+IF($D17<>"",AW$6*$T17/$T$4*VLOOKUP($M17,CÁRNICOS!$CD$13:$CJ$48,5,FALSE),AW$5*$T17/$T$4*$AS$1) -> 0 | AX17: =IF($H17<>"",0,SUM(AS17:AW17)) -> 2.538 | AY17: =+ROUNDUP(AX17/AY$4,0) -> 1 | AZ17: =+IF(AX17*AY17=0,0,(ROUNDUP(AX17/AY17,3))) -> 2.538 | BA17: =+IF($D17<>"",BA$6*$P17/$T$4*VLOOKUP($M17,CÁRNICOS!$CD$13:$CJ$48,6,FALSE),BA$5*$P17/$T$4*$BA$1) -> 0 | BB17: =+IF($D17<>"",BB$6*$Q17/$T$4*VLOOKUP($M17,CÁRNICOS!$CD$13:$CJ$48,6,FALSE),BB$5*$Q17/$T$4*$BA$1) -> 0 | BC17: =+IF($D17<>"",BC$6*$R17/$T$4*VLOOKUP($M17,CÁRNICOS!$CD$13:$CJ$48,6,FALSE),BC$5*$R17/$T$4*$BA$1) -> 0 | BD17: =+IF($D17<>"",BD$6*$S17/$T$4*VLOOKUP($M17,CÁRNICOS!$CD$13:$CJ$48,6,FALSE),BD$5*$S17/$T$4*$BA$1) -> 0 | BE17: =+IF($D17<>"",BE$6*$T17/$T$4*VLOOKUP($M17,CÁRNICOS!$CD$13:$CJ$48,6,FALSE),BE$5*$T17/$T$4*$BA$1) -> 0 | BF17: =IF($I17<>"",0,SUM(BA17:BE17)) -> 0 | BG17: =+ROUNDUP(BF17/BG$4,0) -> 0 | BH17: =+IF(BF17*BG17=0,0,(ROUNDUP(BF17/BG17,3))) -> 0 | BI17: =+IF($D17<>"",BI$6*$P17/$T$4*VLOOKUP($M17,CÁRNICOS!$CD$13:$CJ$48,7,FALSE),BI$5*$P17/$T$4*$BI$1) -> 0 | BJ17: =+IF($D17<>"",BJ$6*$Q17/$T$4*VLOOKUP($M17,CÁRNICOS!$CD$13:$CJ$48,7,FALSE),BJ$5*$Q17/$T$4*$BI$1) -> 0 | BK17: =+IF($D17<>"",BK$6*$R17/$T$4*VLOOKUP($M17,CÁRNICOS!$CD$13:$CJ$48,7,FALSE),BK$5*$R17/$T$4*$BI$1) -> 0 | BL17: =+IF($D17<>"",BL$6*$S17/$T$4*VLOOKUP($M17,CÁRNICOS!$CD$13:$CJ$48,7,FALSE),BL$5*$S17/$T$4*$BI$1) -> 0 | BM17: =+IF($D17<>"",BM$6*$T17/$T$4*VLOOKUP($M17,CÁRNICOS!$CD$13:$CJ$48,7,FALSE),BM$5*$T17/$T$4*$BI$1) -> 0 | BN17: =IF($J17<>"",0,SUM(BI17:BM17)) -> 0 | BO17: =+ROUNDUP(BN17/BO$4,0) -> 0 | BP17: =+IF(BN17*BO17=0,0,(ROUNDUP(BN17/BO17,3))) -> 0 | BR17: =+L17 -> 4 | BS17: =+M17 -> BELALCÁZAR | BT17: =+N17 -> INSTITUCION EDUCATIVA CRISTO REY | BU17: =+O17 -> CENTRO DOCENTE MANUELA BELTRAN | BV17: =+Z17 -> 0 | BW17: =+AH17 -> 0 | BX17: =+AP17 -> 0 | BY17: =+AX17 -> 2.538 | BZ17: =+BF17 -> 0 | CA17: =+BN17 -> 0 | CD17: =+CONSOLIDADO!C16 -> SAMANÁ (SAN DIEGO) | CE17: =+CE$11 -> 0 | CF17: =+CF$11 -> 0 | CG17: =+CG$11 -> 0 | CH17: =+CH$11 -> 1 | CI17: =+CI$11 -> 0 | CJ17: =+CJ$11 -> 0
B18: =+COUNTIF($M$8:M18,M18) -> 4 | C18: =SUM(P18:T18) -> 72 | D18: X | L18: 4 | M18: BELALCÁZAR | N18: INSTITUCION EDUCATIVA CRISTO REY | O18: ESCUELA RAFAEL POMBO | P18: 0 | Q18: 35 | R18: 37 | S18: 0 | T18: 0 | U18: =+IF($D18<>"",U$6*$P18/$T$4*VLOOKUP($M18,CÁRNICOS!$CD$13:$CJ$48,2,FALSE),U$5*$P18/$T$4*$U$1) -> 0 | V18: =+IF($D18<>"",V$6*$Q18/$T$4*VLOOKUP($M18,CÁRNICOS!$CD$13:$CJ$48,2,FALSE),V$5*$Q18/$T$4*$U$1) -> 0 | W18: =+IF($D18<>"",W$6*$R18/$T$4*VLOOKUP($M18,CÁRNICOS!$CD$13:$CJ$48,2,FALSE),W$5*$R18/$T$4*$U$1) -> 0 | X18: =+IF($D18<>"",X$6*$S18/$T$4*VLOOKUP($M18,CÁRNICOS!$CD$13:$CJ$48,2,FALSE),X$5*$S18/$T$4*$U$1) -> 0 | Y18: =+IF($D18<>"",Y$6*$T18/$T$4*VLOOKUP($M18,CÁRNICOS!$CD$13:$CJ$48,2,FALSE),Y$5*$T18/$T$4*$U$1) -> 0 | Z18: =IF($E18<>"",0,SUM(U18:Y18)) -> 0 | AA18: =+ROUNDUP(Z18/AA$4,0) -> 0 | AB18: =+IF(Z18*AA18=0,0,(ROUNDUP(Z18/AA18,3))) -> 0 | AC18: =+IF($D18<>"",AC$6*$P18/$T$4*VLOOKUP($M18,CÁRNICOS!$CD$13:$CJ$48,3,FALSE),AC$5*$P18/$T$4*$AC$1) -> 0 | AD18: =+IF($D18<>"",AD$6*$Q18/$T$4*VLOOKUP($M18,CÁRNICOS!$CD$13:$CJ$48,3,FALSE),AD$5*$Q18/$T$4*$AC$1) -> 0 | AE18: =+IF($D18<>"",AE$6*$R18/$T$4*VLOOKUP($M18,CÁRNICOS!$CD$13:$CJ$48,3,FALSE),AE$5*$R18/$T$4*$AC$1) -> 0 | AF18: =+IF($D18<>"",AF$6*$S18/$T$4*VLOOKUP($M18,CÁRNICOS!$CD$13:$CJ$48,3,FALSE),AF$5*$S18/$T$4*$AC$1) -> 0 | AG18: =+IF($D18<>"",AG$6*$T18/$T$4*VLOOKUP($M18,CÁRNICOS!$CD$13:$CJ$48,3,FALSE),AG$5*$T18/$T$4*$AC$1) -> 0 | AH18: =IF($F18<>"",0,SUM(AC18:AG18)) -> 0 | AI18: =+ROUNDUP(AH18/AI$4,0) -> 0 | AJ18: =+IF(AH18*AI18=0,0,(ROUNDUP(AH18/AI18,3))) -> 0 | AK18: =+IF($D18<>"",AK$6*$P18/$T$4*VLOOKUP($M18,CÁRNICOS!$CD$13:$CJ$48,4,FALSE),AK$5*$P18/$T$4*$AK$1) -> 0 | AL18: =+IF($D18<>"",AL$6*$Q18/$T$4*VLOOKUP($M18,CÁRNICOS!$CD$13:$CJ$48,4,FALSE),AL$5*$Q18/$T$4*$AK$1) -> 0 | AM18: =+IF($D18<>"",AM$6*$R18/$T$4*VLOOKUP($M18,CÁRNICOS!$CD$13:$CJ$48,4,FALSE),AM$5*$R18/$T$4*$AK$1) -> 0 | AN18: =+IF($D18<>"",AN$6*$S18/$T$4*VLOOKUP($M18,CÁRNICOS!$CD$13:$CJ$48,4,FALSE),AN$5*$S18/$T$4*$AK$1) -> 0 | AO18: =+IF($D18<>"",AO$6*$T18/$T$4*VLOOKUP($M18,CÁRNICOS!$CD$13:$CJ$48,4,FALSE),AO$5*$T18/$T$4*$AK$1) -> 0 | AP18: =IF($G18<>"",0,SUM(AK18:AO18)) -> 0 | AQ18: =+ROUNDUP(AP18/AQ$4,0) -> 0 | AR18: =+IF(AP18*AQ18=0,0,(ROUNDUP(AP18/AQ18,3))) -> 0 | AS18: =+IF($D18<>"",AS$6*$P18/$T$4*VLOOKUP($M18,CÁRNICOS!$CD$13:$CJ$48,5,FALSE),AS$5*$P18/$T$4*$AS$1) -> 0 | AT18: =+IF($D18<>"",AT$6*$Q18/$T$4*VLOOKUP($M18,CÁRNICOS!$CD$13:$CJ$48,5,FALSE),AT$5*$Q18/$T$4*$AS$1) -> 1.89 | AU18: =+IF($D18<>"",AU$6*$R18/$T$4*VLOOKUP($M18,CÁRNICOS!$CD$13:$CJ$48,5,FALSE),AU$5*$R18/$T$4*$AS$1) -> 2.405 | AV18: =+IF($D18<>"",AV$6*$S18/$T$4*VLOOKUP($M18,CÁRNICOS!$CD$13:$CJ$48,5,FALSE),AV$5*$S18/$T$4*$AS$1) -> 0 | AW18: =+IF($D18<>"",AW$6*$T18/$T$4*VLOOKUP($M18,CÁRNICOS!$CD$13:$CJ$48,5,FALSE),AW$5*$T18/$T$4*$AS$1) -> 0 | AX18: =IF($H18<>"",0,SUM(AS18:AW18)) -> 4.295 | AY18: =+ROUNDUP(AX18/AY$4,0) -> 1 | AZ18: =+IF(AX18*AY18=0,0,(ROUNDUP(AX18/AY18,3))) -> 4.295 | BA18: =+IF($D18<>"",BA$6*$P18/$T$4*VLOOKUP($M18,CÁRNICOS!$CD$13:$CJ$48,6,FALSE),BA$5*$P18/$T$4*$BA$1) -> 0 | BB18: =+IF($D18<>"",BB$6*$Q18/$T$4*VLOOKUP($M18,CÁRNICOS!$CD$13:$CJ$48,6,FALSE),BB$5*$Q18/$T$4*$BA$1) -> 0 | BC18: =+IF($D18<>"",BC$6*$R18/$T$4*VLOOKUP($M18,CÁRNICOS!$CD$13:$CJ$48,6,FALSE),BC$5*$R18/$T$4*$BA$1) -> 0 | BD18: =+IF($D18<>"",BD$6*$S18/$T$4*VLOOKUP($M18,CÁRNICOS!$CD$13:$CJ$48,6,FALSE),BD$5*$S18/$T$4*$BA$1) -> 0 | BE18: =+IF($D18<>"",BE$6*$T18/$T$4*VLOOKUP($M18,CÁRNICOS!$CD$13:$CJ$48,6,FALSE),BE$5*$T18/$T$4*$BA$1) -> 0 | BF18: =IF($I18<>"",0,SUM(BA18:BE18)) -> 0 | BG18: =+ROUNDUP(BF18/BG$4,0) -> 0 | BH18: =+IF(BF18*BG18=0,0,(ROUNDUP(BF18/BG18,3))) -> 0 | BI18: =+IF($D18<>"",BI$6*$P18/$T$4*VLOOKUP($M18,CÁRNICOS!$CD$13:$CJ$48,7,FALSE),BI$5*$P18/$T$4*$BI$1) -> 0 | BJ18: =+IF($D18<>"",BJ$6*$Q18/$T$4*VLOOKUP($M18,CÁRNICOS!$CD$13:$CJ$48,7,FALSE),BJ$5*$Q18/$T$4*$BI$1) -> 0 | BK18: =+IF($D18<>"",BK$6*$R18/$T$4*VLOOKUP($M18,CÁRNICOS!$CD$13:$CJ$48,7,FALSE),BK$5*$R18/$T$4*$BI$1) -> 0 | BL18: =+IF($D18<>"",BL$6*$S18/$T$4*VLOOKUP($M18,CÁRNICOS!$CD$13:$CJ$48,7,FALSE),BL$5*$S18/$T$4*$BI$1) -> 0 | BM18: =+IF($D18<>"",BM$6*$T18/$T$4*VLOOKUP($M18,CÁRNICOS!$CD$13:$CJ$48,7,FALSE),BM$5*$T18/$T$4*$BI$1) -> 0 | BN18: =IF($J18<>"",0,SUM(BI18:BM18)) -> 0 | BO18: =+ROUNDUP(BN18/BO$4,0) -> 0 | BP18: =+IF(BN18*BO18=0,0,(ROUNDUP(BN18/BO18,3))) -> 0 | BR18: =+L18 -> 4 | BS18: =+M18 -> BELALCÁZAR | BT18: =+N18 -> INSTITUCION EDUCATIVA CRISTO REY | BU18: =+O18 -> ESCUELA RAFAEL POMBO | BV18: =+Z18 -> 0 | BW18: =+AH18 -> 0 | BX18: =+AP18 -> 0 | BY18: =+AX18 -> 4.295 | BZ18: =+BF18 -> 0 | CA18: =+BN18 -> 0 | CD18: =+CONSOLIDADO!C17 -> SAMANÁ (BERLÍN) | CE18: =+CE$11 -> 0 | CF18: =+CF$11 -> 0 | CG18: =+CG$11 -> 0 | CH18: =+CH$11 -> 1 | CI18: =+CI$11 -> 0 | CJ18: =+CJ$11 -> 0
B19: =+COUNTIF($M$8:M19,M19) -> 1 | C19: =SUM(P19:T19) -> 60 | D19: X | L19: U1 | M19: CHINCHINÁ | N19: INSTITUCION EDUCATIVA BARTOLOME MITRE | O19: INSTITUCION EDUCATIVA BARTOLOME MITRE - SEDE PRINCIPAL | P19: 0 | Q19: 0 | R19: 0 | S19: 50 | T19: 10 | U19: =+IF($D19<>"",U$6*$P19/$T$4*VLOOKUP($M19,CÁRNICOS!$CD$13:$CJ$48,2,FALSE),U$5*$P19/$T$4*$U$1) -> 0 | V19: =+IF($D19<>"",V$6*$Q19/$T$4*VLOOKUP($M19,CÁRNICOS!$CD$13:$CJ$48,2,FALSE),V$5*$Q19/$T$4*$U$1) -> 0 | W19: =+IF($D19<>"",W$6*$R19/$T$4*VLOOKUP($M19,CÁRNICOS!$CD$13:$CJ$48,2,FALSE),W$5*$R19/$T$4*$U$1) -> 0 | X19: =+IF($D19<>"",X$6*$S19/$T$4*VLOOKUP($M19,CÁRNICOS!$CD$13:$CJ$48,2,FALSE),X$5*$S19/$T$4*$U$1) -> 0 | Y19: =+IF($D19<>"",Y$6*$T19/$T$4*VLOOKUP($M19,CÁRNICOS!$CD$13:$CJ$48,2,FALSE),Y$5*$T19/$T$4*$U$1) -> 0 | Z19: =IF($E19<>"",0,SUM(U19:Y19)) -> 0 | AA19: =+ROUNDUP(Z19/AA$4,0) -> 0 | AB19: =+IF(Z19*AA19=0,0,(ROUNDUP(Z19/AA19,3))) -> 0 | AC19: =+IF($D19<>"",AC$6*$P19/$T$4*VLOOKUP($M19,CÁRNICOS!$CD$13:$CJ$48,3,FALSE),AC$5*$P19/$T$4*$AC$1) -> 0 | AD19: =+IF($D19<>"",AD$6*$Q19/$T$4*VLOOKUP($M19,CÁRNICOS!$CD$13:$CJ$48,3,FALSE),AD$5*$Q19/$T$4*$AC$1) -> 0 | AE19: =+IF($D19<>"",AE$6*$R19/$T$4*VLOOKUP($M19,CÁRNICOS!$CD$13:$CJ$48,3,FALSE),AE$5*$R19/$T$4*$AC$1) -> 0 | AF19: =+IF($D19<>"",AF$6*$S19/$T$4*VLOOKUP($M19,CÁRNICOS!$CD$13:$CJ$48,3,FALSE),AF$5*$S19/$T$4*$AC$1) -> 0 | AG19: =+IF($D19<>"",AG$6*$T19/$T$4*VLOOKUP($M19,CÁRNICOS!$CD$13:$CJ$48,3,FALSE),AG$5*$T19/$T$4*$AC$1) -> 0 | AH19: =IF($F19<>"",0,SUM(AC19:AG19)) -> 0 | AI19: =+ROUNDUP(AH19/AI$4,0) -> 0 | AJ19: =+IF(AH19*AI19=0,0,(ROUNDUP(AH19/AI19,3))) -> 0 | AK19: =+IF($D19<>"",AK$6*$P19/$T$4*VLOOKUP($M19,CÁRNICOS!$CD$13:$CJ$48,4,FALSE),AK$5*$P19/$T$4*$AK$1) -> 0 | AL19: =+IF($D19<>"",AL$6*$Q19/$T$4*VLOOKUP($M19,CÁRNICOS!$CD$13:$CJ$48,4,FALSE),AL$5*$Q19/$T$4*$AK$1) -> 0 | AM19: =+IF($D19<>"",AM$6*$R19/$T$4*VLOOKUP($M19,CÁRNICOS!$CD$13:$CJ$48,4,FALSE),AM$5*$R19/$T$4*$AK$1) -> 0 | AN19: =+IF($D19<>"",AN$6*$S19/$T$4*VLOOKUP($M19,CÁRNICOS!$CD$13:$CJ$48,4,FALSE),AN$5*$S19/$T$4*$AK$1) -> 0 | AO19: =+IF($D19<>"",AO$6*$T19/$T$4*VLOOKUP($M19,CÁRNICOS!$CD$13:$CJ$48,4,FALSE),AO$5*$T19/$T$4*$AK$1) -> 0 | AP19: =IF($G19<>"",0,SUM(AK19:AO19)) -> 0 | AQ19: =+ROUNDUP(AP19/AQ$4,0) -> 0 | AR19: =+IF(AP19*AQ19=0,0,(ROUNDUP(AP19/AQ19,3))) -> 0 | AS19: =+IF($D19<>"",AS$6*$P19/$T$4*VLOOKUP($M19,CÁRNICOS!$CD$13:$CJ$48,5,FALSE),AS$5*$P19/$T$4*$AS$1) -> 0 | AT19: =+IF($D19<>"",AT$6*$Q19/$T$4*VLOOKUP($M19,CÁRNICOS!$CD$13:$CJ$48,5,FALSE),AT$5*$Q19/$T$4*$AS$1) -> 0 | AU19: =+IF($D19<>"",AU$6*$R19/$T$4*VLOOKUP($M19,CÁRNICOS!$CD$13:$CJ$48,5,FALSE),AU$5*$R19/$T$4*$AS$1) -> 0 | AV19: =+IF($D19<>"",AV$6*$S19/$T$4*VLOOKUP($M19,CÁRNICOS!$CD$13:$CJ$48,5,FALSE),AV$5*$S19/$T$4*$AS$1) -> 4 | AW19: =+IF($D19<>"",AW$6*$T19/$T$4*VLOOKUP($M19,CÁRNICOS!$CD$13:$CJ$48,5,FALSE),AW$5*$T19/$T$4*$AS$1) -> 1 | AX19: =IF($H19<>"",0,SUM(AS19:AW19)) -> 5 | AY19: =+ROUNDUP(AX19/AY$4,0) -> 1 | AZ19: =+IF(AX19*AY19=0,0,(ROUNDUP(AX19/AY19,3))) -> 5 | BA19: =+IF($D19<>"",BA$6*$P19/$T$4*VLOOKUP($M19,CÁRNICOS!$CD$13:$CJ$48,6,FALSE),BA$5*$P19/$T$4*$BA$1) -> 0 | BB19: =+IF($D19<>"",BB$6*$Q19/$T$4*VLOOKUP($M19,CÁRNICOS!$CD$13:$CJ$48,6,FALSE),BB$5*$Q19/$T$4*$BA$1) -> 0 | BC19: =+IF($D19<>"",BC$6*$R19/$T$4*VLOOKUP($M19,CÁRNICOS!$CD$13:$CJ$48,6,FALSE),BC$5*$R19/$T$4*$BA$1) -> 0 | BD19: =+IF($D19<>"",BD$6*$S19/$T$4*VLOOKUP($M19,CÁRNICOS!$CD$13:$CJ$48,6,FALSE),BD$5*$S19/$T$4*$BA$1) -> 0 | BE19: =+IF($D19<>"",BE$6*$T19/$T$4*VLOOKUP($M19,CÁRNICOS!$CD$13:$CJ$48,6,FALSE),BE$5*$T19/$T$4*$BA$1) -> 0 | BF19: =IF($I19<>"",0,SUM(BA19:BE19)) -> 0 | BG19: =+ROUNDUP(BF19/BG$4,0) -> 0 | BH19: =+IF(BF19*BG19=0,0,(ROUNDUP(BF19/BG19,3))) -> 0 | BI19: =+IF($D19<>"",BI$6*$P19/$T$4*VLOOKUP($M19,CÁRNICOS!$CD$13:$CJ$48,7,FALSE),BI$5*$P19/$T$4*$BI$1) -> 0 | BJ19: =+IF($D19<>"",BJ$6*$Q19/$T$4*VLOOKUP($M19,CÁRNICOS!$CD$13:$CJ$48,7,FALSE),BJ$5*$Q19/$T$4*$BI$1) -> 0 | BK19: =+IF($D19<>"",BK$6*$R19/$T$4*VLOOKUP($M19,CÁRNICOS!$CD$13:$CJ$48,7,FALSE),BK$5*$R19/$T$4*$BI$1) -> 0 | BL19: =+IF($D19<>"",BL$6*$S19/$T$4*VLOOKUP($M19,CÁRNICOS!$CD$13:$CJ$48,7,FALSE),BL$5*$S19/$T$4*$BI$1) -> 0 | BM19: =+IF($D19<>"",BM$6*$T19/$T$4*VLOOKUP($M19,CÁRNICOS!$CD$13:$CJ$48,7,FALSE),BM$5*$T19/$T$4*$BI$1) -> 0 | BN19: =IF($J19<>"",0,SUM(BI19:BM19)) -> 0 | BO19: =+ROUNDUP(BN19/BO$4,0) -> 0 | BP19: =+IF(BN19*BO19=0,0,(ROUNDUP(BN19/BO19,3))) -> 0 | BR19: =+L19 -> U1 | BS19: =+M19 -> CHINCHINÁ | BT19: =+N19 -> INSTITUCION EDUCATIVA BARTOLOME MITRE | BU19: =+O19 -> INSTITUCION EDUCATIVA BARTOLOME MITRE - SEDE PRINCIPAL | BV19: =+Z19 -> 0 | BW19: =+AH19 -> 0 | BX19: =+AP19 -> 0 | BY19: =+AX19 -> 5 | BZ19: =+BF19 -> 0 | CA19: =+BN19 -> 0 | CD19: =+CONSOLIDADO!C18 -> VICTORIA | CE19: =+CE$11 -> 0 | CF19: =+CF$11 -> 0 | CG19: =+CG$11 -> 0 | CH19: =+CH$11 -> 1 | CI19: =+CI$11 -> 0 | CJ19: =+CJ$11 -> 0
B20: =+B19+1 -> 2 | C20: =SUM(P20:T20) -> 15 | D20: X | L20: 1 | M20: LA DORADA | N20: INSTITUCION EDUCATIVA GUARINOCITO | O20: INSTITUCION EDUCATIVA GUARINOCITO - SEDE PRINCIPAL | P20: 15 | Q20: 0 | R20: 0 | S20: 0 | T20: 0 | U20: =+IF($D20<>"",U$6*$P20/$T$4*VLOOKUP($M20,CÁRNICOS!$CD$13:$CJ$48,2,FALSE),U$5*$P20/$T$4*$U$1) -> 0 | V20: =+IF($D20<>"",V$6*$Q20/$T$4*VLOOKUP($M20,CÁRNICOS!$CD$13:$CJ$48,2,FALSE),V$5*$Q20/$T$4*$U$1) -> 0 | W20: =+IF($D20<>"",W$6*$R20/$T$4*VLOOKUP($M20,CÁRNICOS!$CD$13:$CJ$48,2,FALSE),W$5*$R20/$T$4*$U$1) -> 0 | X20: =+IF($D20<>"",X$6*$S20/$T$4*VLOOKUP($M20,CÁRNICOS!$CD$13:$CJ$48,2,FALSE),X$5*$S20/$T$4*$U$1) -> 0 | Y20: =+IF($D20<>"",Y$6*$T20/$T$4*VLOOKUP($M20,CÁRNICOS!$CD$13:$CJ$48,2,FALSE),Y$5*$T20/$T$4*$U$1) -> 0 | Z20: =IF($E20<>"",0,SUM(U20:Y20)) -> 0 | AA20: =+ROUNDUP(Z20/AA$4,0) -> 0 | AB20: =+IF(Z20*AA20=0,0,(ROUNDUP(Z20/AA20,3))) -> 0 | AC20: =+IF($D20<>"",AC$6*$P20/$T$4*VLOOKUP($M20,CÁRNICOS!$CD$13:$CJ$48,3,FALSE),AC$5*$P20/$T$4*$AC$1) -> 0 | AD20: =+IF($D20<>"",AD$6*$Q20/$T$4*VLOOKUP($M20,CÁRNICOS!$CD$13:$CJ$48,3,FALSE),AD$5*$Q20/$T$4*$AC$1) -> 0 | AE20: =+IF($D20<>"",AE$6*$R20/$T$4*VLOOKUP($M20,CÁRNICOS!$CD$13:$CJ$48,3,FALSE),AE$5*$R20/$T$4*$AC$1) -> 0 | AF20: =+IF($D20<>"",AF$6*$S20/$T$4*VLOOKUP($M20,CÁRNICOS!$CD$13:$CJ$48,3,FALSE),AF$5*$S20/$T$4*$AC$1) -> 0 | AG20: =+IF($D20<>"",AG$6*$T20/$T$4*VLOOKUP($M20,CÁRNICOS!$CD$13:$CJ$48,3,FALSE),AG$5*$T20/$T$4*$AC$1) -> 0 | AH20: =IF($F20<>"",0,SUM(AC20:AG20)) -> 0 | AI20: =+ROUNDUP(AH20/AI$4,0) -> 0 | AJ20: =+IF(AH20*AI20=0,0,(ROUNDUP(AH20/AI20,3))) -> 0 | AK20: =+IF($D20<>"",AK$6*$P20/$T$4*VLOOKUP($M20,CÁRNICOS!$CD$13:$CJ$48,4,FALSE),AK$5*$P20/$T$4*$AK$1) -> 0 | AL20: =+IF($D20<>"",AL$6*$Q20/$T$4*VLOOKUP($M20,CÁRNICOS!$CD$13:$CJ$48,4,FALSE),AL$5*$Q20/$T$4*$AK$1) -> 0 | AM20: =+IF($D20<>"",AM$6*$R20/$T$4*VLOOKUP($M20,CÁRNICOS!$CD$13:$CJ$48,4,FALSE),AM$5*$R20/$T$4*$AK$1) -> 0 | AN20: =+IF($D20<>"",AN$6*$S20/$T$4*VLOOKUP($M20,CÁRNICOS!$CD$13:$CJ$48,4,FALSE),AN$5*$S20/$T$4*$AK$1) -> 0 | AO20: =+IF($D20<>"",AO$6*$T20/$T$4*VLOOKUP($M20,CÁRNICOS!$CD$13:$CJ$48,4,FALSE),AO$5*$T20/$T$4*$AK$1) -> 0 | AP20: =IF($G20<>"",0,SUM(AK20:AO20)) -> 0 | AQ20: =+ROUNDUP(AP20/AQ$4,0) -> 0 | AR20: =+IF(AP20*AQ20=0,0,(ROUNDUP(AP20/AQ20,3))) -> 0 | AS20: =+IF($D20<>"",AS$6*$P20/$T$4*VLOOKUP($M20,CÁRNICOS!$CD$13:$CJ$48,5,FALSE),AS$5*$P20/$T$4*$AS$1) -> 0.81 | AT20: =+IF($D20<>"",AT$6*$Q20/$T$4*VLOOKUP($M20,CÁRNICOS!$CD$13:$CJ$48,5,FALSE),AT$5*$Q20/$T$4*$AS$1) -> 0 | AU20: =+IF($D20<>"",AU$6*$R20/$T$4*VLOOKUP($M20,CÁRNICOS!$CD$13:$CJ$48,5,FALSE),AU$5*$R20/$T$4*$AS$1) -> 0 | AV20: =+IF($D20<>"",AV$6*$S20/$T$4*VLOOKUP($M20,CÁRNICOS!$CD$13:$CJ$48,5,FALSE),AV$5*$S20/$T$4*$AS$1) -> 0 | AW20: =+IF($D20<>"",AW$6*$T20/$T$4*VLOOKUP($M20,CÁRNICOS!$CD$13:$CJ$48,5,FALSE),AW$5*$T20/$T$4*$AS$1) -> 0 | AX20: =IF($H20<>"",0,SUM(AS20:AW20)) -> 0.81 | AY20: =+ROUNDUP(AX20/AY$4,0) -> 1 | AZ20: =+IF(AX20*AY20=0,0,(ROUNDUP(AX20/AY20,3))) -> 0.81 | BA20: =+IF($D20<>"",BA$6*$P20/$T$4*VLOOKUP($M20,CÁRNICOS!$CD$13:$CJ$48,6,FALSE),BA$5*$P20/$T$4*$BA$1) -> 0 | BB20: =+IF($D20<>"",BB$6*$Q20/$T$4*VLOOKUP($M20,CÁRNICOS!$CD$13:$CJ$48,6,FALSE),BB$5*$Q20/$T$4*$BA$1) -> 0 | BC20: =+IF($D20<>"",BC$6*$R20/$T$4*VLOOKUP($M20,CÁRNICOS!$CD$13:$CJ$48,6,FALSE),BC$5*$R20/$T$4*$BA$1) -> 0 | BD20: =+IF($D20<>"",BD$6*$S20/$T$4*VLOOKUP($M20,CÁRNICOS!$CD$13:$CJ$48,6,FALSE),BD$5*$S20/$T$4*$BA$1) -> 0 | BE20: =+IF($D20<>"",BE$6*$T20/$T$4*VLOOKUP($M20,CÁRNICOS!$CD$13:$CJ$48,6,FALSE),BE$5*$T20/$T$4*$BA$1) -> 0 | BF20: =IF($I20<>"",0,SUM(BA20:BE20)) -> 0 | BG20: =+ROUNDUP(BF20/BG$4,0) -> 0 | BH20: =+IF(BF20*BG20=0,0,(ROUNDUP(BF20/BG20,3))) -> 0 | BI20: =+IF($D20<>"",BI$6*$P20/$T$4*VLOOKUP($M20,CÁRNICOS!$CD$13:$CJ$48,7,FALSE),BI$5*$P20/$T$4*$BI$1) -> 0 | BJ20: =+IF($D20<>"",BJ$6*$Q20/$T$4*VLOOKUP($M20,CÁRNICOS!$CD$13:$CJ$48,7,FALSE),BJ$5*$Q20/$T$4*$BI$1) -> 0 | BK20: =+IF($D20<>"",BK$6*$R20/$T$4*VLOOKUP($M20,CÁRNICOS!$CD$13:$CJ$48,7,FALSE),BK$5*$R20/$T$4*$BI$1) -> 0 | BL20: =+IF($D20<>"",BL$6*$S20/$T$4*VLOOKUP($M20,CÁRNICOS!$CD$13:$CJ$48,7,FALSE),BL$5*$S20/$T$4*$BI$1) -> 0 | BM20: =+IF($D20<>"",BM$6*$T20/$T$4*VLOOKUP($M20,CÁRNICOS!$CD$13:$CJ$48,7,FALSE),BM$5*$T20/$T$4*$BI$1) -> 0 | BN20: =IF($J20<>"",0,SUM(BI20:BM20)) -> 0 | BO20: =+ROUNDUP(BN20/BO$4,0) -> 0 | BP20: =+IF(BN20*BO20=0,0,(ROUNDUP(BN20/BO20,3))) -> 0 | BR20: =+L20 -> 1 | BS20: =+M20 -> LA DORADA | BT20: =+N20 -> INSTITUCION EDUCATIVA GUARINOCITO | BU20: =+O20 -> INSTITUCION EDUCATIVA GUARINOCITO - SEDE PRINCIPAL | BV20: =+Z20 -> 0 | BW20: =+AH20 -> 0 | BX20: =+AP20 -> 0 | BY20: =+AX20 -> 0.81 | BZ20: =+BF20 -> 0 | CA20: =+BN20 -> 0 | CD20: =+CONSOLIDADO!C19 -> PENSILVANIA | CE20: =+CE$11 -> 0 | CF20: =+CF$11 -> 0 | CG20: =+CG$11 -> 0 | CH20: =+CH$11 -> 1 | CI20: =+CI$11 -> 0 | CJ20: =+CJ$11 -> 0
B21: =+B20+1 -> 3 | C21: =SUM(P21:T21) -> 302 | D21: X | L21: 4 | M21: LA DORADA | N21: INSTITUCION EDUCATIVA MARCO FIDEL SUAREZ | O21: INSTITUCION EDUCATIVA MARCO FIDEL SUAREZ - SEDE PRINCIPAL | P21: 1 | Q21: 301 | R21: 0 | S21: 0 | T21: 0 | U21: =+IF($D21<>"",U$6*$P21/$T$4*VLOOKUP($M21,CÁRNICOS!$CD$13:$CJ$48,2,FALSE),U$5*$P21/$T$4*$U$1) -> 0 | V21: =+IF($D21<>"",V$6*$Q21/$T$4*VLOOKUP($M21,CÁRNICOS!$CD$13:$CJ$48,2,FALSE),V$5*$Q21/$T$4*$U$1) -> 0 | W21: =+IF($D21<>"",W$6*$R21/$T$4*VLOOKUP($M21,CÁRNICOS!$CD$13:$CJ$48,2,FALSE),W$5*$R21/$T$4*$U$1) -> 0 | X21: =+IF($D21<>"",X$6*$S21/$T$4*VLOOKUP($M21,CÁRNICOS!$CD$13:$CJ$48,2,FALSE),X$5*$S21/$T$4*$U$1) -> 0 | Y21: =+IF($D21<>"",Y$6*$T21/$T$4*VLOOKUP($M21,CÁRNICOS!$CD$13:$CJ$48,2,FALSE),Y$5*$T21/$T$4*$U$1) -> 0 | Z21: =IF($E21<>"",0,SUM(U21:Y21)) -> 0 | AA21: =+ROUNDUP(Z21/AA$4,0) -> 0 | AB21: =+IF(Z21*AA21=0,0,(ROUNDUP(Z21/AA21,3))) -> 0 | AC21: =+IF($D21<>"",AC$6*$P21/$T$4*VLOOKUP($M21,CÁRNICOS!$CD$13:$CJ$48,3,FALSE),AC$5*$P21/$T$4*$AC$1) -> 0 | AD21: =+IF($D21<>"",AD$6*$Q21/$T$4*VLOOKUP($M21,CÁRNICOS!$CD$13:$CJ$48,3,FALSE),AD$5*$Q21/$T$4*$AC$1) -> 0 | AE21: =+IF($D21<>"",AE$6*$R21/$T$4*VLOOKUP($M21,CÁRNICOS!$CD$13:$CJ$48,3,FALSE),AE$5*$R21/$T$4*$AC$1) -> 0 | AF21: =+IF($D21<>"",AF$6*$S21/$T$4*VLOOKUP($M21,CÁRNICOS!$CD$13:$CJ$48,3,FALSE),AF$5*$S21/$T$4*$AC$1) -> 0 | AG21: =+IF($D21<>"",AG$6*$T21/$T$4*VLOOKUP($M21,CÁRNICOS!$CD$13:$CJ$48,3,FALSE),AG$5*$T21/$T$4*$AC$1) -> 0 | AH21: =IF($F21<>"",0,SUM(AC21:AG21)) -> 0 | AI21: =+ROUNDUP(AH21/AI$4,0) -> 0 | AJ21: =+IF(AH21*AI21=0,0,(ROUNDUP(AH21/AI21,3))) -> 0 | AK21: =+IF($D21<>"",AK$6*$P21/$T$4*VLOOKUP($M21,CÁRNICOS!$CD$13:$CJ$48,4,FALSE),AK$5*$P21/$T$4*$AK$1) -> 0 | AL21: =+IF($D21<>"",AL$6*$Q21/$T$4*VLOOKUP($M21,CÁRNICOS!$CD$13:$CJ$48,4,FALSE),AL$5*$Q21/$T$4*$AK$1) -> 0 | AM21: =+IF($D21<>"",AM$6*$R21/$T$4*VLOOKUP($M21,CÁRNICOS!$CD$13:$CJ$48,4,FALSE),AM$5*$R21/$T$4*$AK$1) -> 0 | AN21: =+IF($D21<>"",AN$6*$S21/$T$4*VLOOKUP($M21,CÁRNICOS!$CD$13:$CJ$48,4,FALSE),AN$5*$S21/$T$4*$AK$1) -> 0 | AO21: =+IF($D21<>"",AO$6*$T21/$T$4*VLOOKUP($M21,CÁRNICOS!$CD$13:$CJ$48,4,FALSE),AO$5*$T21/$T$4*$AK$1) -> 0 | AP21: =IF($G21<>"",0,SUM(AK21:AO21)) -> 0 | AQ21: =+ROUNDUP(AP21/AQ$4,0) -> 0 | AR21: =+IF(AP21*AQ21=0,0,(ROUNDUP(AP21/AQ21,3))) -> 0 | AS21: =+IF($D21<>"",AS$6*$P21/$T$4*VLOOKUP($M21,CÁRNICOS!$CD$13:$CJ$48,5,FALSE),AS$5*$P21/$T$4*$AS$1) -> 0.054 | AT21: =+IF($D21<>"",AT$6*$Q21/$T$4*VLOOKUP($M21,CÁRNICOS!$CD$13:$CJ$48,5,FALSE),AT$5*$Q21/$T$4*$AS$1) -> 16.254 | AU21: =+IF($D21<>"",AU$6*$R21/$T$4*VLOOKUP($M21,CÁRNICOS!$CD$13:$CJ$48,5,FALSE),AU$5*$R21/$T$4*$AS$1) -> 0 | AV21: =+IF($D21<>"",AV$6*$S21/$T$4*VLOOKUP($M21,CÁRNICOS!$CD$13:$CJ$48,5,FALSE),AV$5*$S21/$T$4*$AS$1) -> 0 | AW21: =+IF($D21<>"",AW$6*$T21/$T$4*VLOOKUP($M21,CÁRNICOS!$CD$13:$CJ$48,5,FALSE),AW$5*$T21/$T$4*$AS$1) -> 0 | AX21: =IF($H21<>"",0,SUM(AS21:AW21)) -> 16.308 | AY21: =+ROUNDUP(AX21/AY$4,0) -> 2 | AZ21: =+IF(AX21*AY21=0,0,(ROUNDUP(AX21/AY21,3))) -> 8.154 | BA21: =+IF($D21<>"",BA$6*$P21/$T$4*VLOOKUP($M21,CÁRNICOS!$CD$13:$CJ$48,6,FALSE),BA$5*$P21/$T$4*$BA$1) -> 0 | BB21: =+IF($D21<>"",BB$6*$Q21/$T$4*VLOOKUP($M21,CÁRNICOS!$CD$13:$CJ$48,6,FALSE),BB$5*$Q21/$T$4*$BA$1) -> 0 | BC21: =+IF($D21<>"",BC$6*$R21/$T$4*VLOOKUP($M21,CÁRNICOS!$CD$13:$CJ$48,6,FALSE),BC$5*$R21/$T$4*$BA$1) -> 0 | BD21: =+IF($D21<>"",BD$6*$S21/$T$4*VLOOKUP($M21,CÁRNICOS!$CD$13:$CJ$48,6,FALSE),BD$5*$S21/$T$4*$BA$1) -> 0 | BE21: =+IF($D21<>"",BE$6*$T21/$T$4*VLOOKUP($M21,CÁRNICOS!$CD$13:$CJ$48,6,FALSE),BE$5*$T21/$T$4*$BA$1) -> 0 | BF21: =IF($I21<>"",0,SUM(BA21:BE21)) -> 0 | BG21: =+ROUNDUP(BF21/BG$4,0) -> 0 | BH21: =+IF(BF21*BG21=0,0,(ROUNDUP(BF21/BG21,3))) -> 0 | BI21: =+IF($D21<>"",BI$6*$P21/$T$4*VLOOKUP($M21,CÁRNICOS!$CD$13:$CJ$48,7,FALSE),BI$5*$P21/$T$4*$BI$1) -> 0 | BJ21: =+IF($D21<>"",BJ$6*$Q21/$T$4*VLOOKUP($M21,CÁRNICOS!$CD$13:$CJ$48,7,FALSE),BJ$5*$Q21/$T$4*$BI$1) -> 0 | BK21: =+IF($D21<>"",BK$6*$R21/$T$4*VLOOKUP($M21,CÁRNICOS!$CD$13:$CJ$48,7,FALSE),BK$5*$R21/$T$4*$BI$1) -> 0 | BL21: =+IF($D21<>"",BL$6*$S21/$T$4*VLOOKUP($M21,CÁRNICOS!$CD$13:$CJ$48,7,FALSE),BL$5*$S21/$T$4*$BI$1) -> 0 | BM21: =+IF($D21<>"",BM$6*$T21/$T$4*VLOOKUP($M21,CÁRNICOS!$CD$13:$CJ$48,7,FALSE),BM$5*$T21/$T$4*$BI$1) -> 0 | BN21: =IF($J21<>"",0,SUM(BI21:BM21)) -> 0 | BO21: =+ROUNDUP(BN21/BO$4,0) -> 0 | BP21: =+IF(BN21*BO21=0,0,(ROUNDUP(BN21/BO21,3))) -> 0 | BQ21: x | BR21: =+L21 -> 4 | BS21: =+M21 -> LA DORADA | BT21: =+N21 -> INSTITUCION EDUCATIVA MARCO FIDEL SUAREZ | BU21: =+O21 -> INSTITUCION EDUCATIVA MARCO FIDEL SUAREZ - SEDE PRINCIPAL | BV21: =+Z21 -> 0 | BW21: =+AH21 -> 0 | BX21: =+AP21 -> 0 | BY21: =+AX21 -> 16.308 | BZ21: =+BF21 -> 0 | CA21: =+BN21 -> 0 | CD21: =+CONSOLIDADO!C20 -> MANZANARES | CE21: =+CE$11 -> 0 | CF21: =+CF$11 -> 0 | CG21: =+CG$11 -> 0 | CH21: =+CH$11 -> 1 | CI21: =+CI$11 -> 0 | CJ21: =+CJ$11 -> 0
B22: =+COUNTIF($M$8:M22,M22) -> 3 | C22: =SUM(P22:T22) -> 229 | D22: X | L22: 4 | M22: LA DORADA | N22: INSTITUCIÓN EDUCATIVA RENÁN BARCO - JUAN PABLO II- SEDE PRINCIPAL | O22: CONCENTRACIÓN ESCOLAR LAS FERIAS | P22: 59 | Q22: 170 | R22: 0 | S22: 0 | T22: 0 | U22: =+IF($D22<>"",U$6*$P22/$T$4*VLOOKUP($M22,CÁRNICOS!$CD$13:$CJ$48,2,FALSE),U$5*$P22/$T$4*$U$1) -> 0 | V22: =+IF($D22<>"",V$6*$Q22/$T$4*VLOOKUP($M22,CÁRNICOS!$CD$13:$CJ$48,2,FALSE),V$5*$Q22/$T$4*$U$1) -> 0 | W22: =+IF($D22<>"",W$6*$R22/$T$4*VLOOKUP($M22,CÁRNICOS!$CD$13:$CJ$48,2,FALSE),W$5*$R22/$T$4*$U$1) -> 0 | X22: =+IF($D22<>"",X$6*$S22/$T$4*VLOOKUP($M22,CÁRNICOS!$CD$13:$CJ$48,2,FALSE),X$5*$S22/$T$4*$U$1) -> 0 | Y22: =+IF($D22<>"",Y$6*$T22/$T$4*VLOOKUP($M22,CÁRNICOS!$CD$13:$CJ$48,2,FALSE),Y$5*$T22/$T$4*$U$1) -> 0 | Z22: =IF($E22<>"",0,SUM(U22:Y22)) -> 0 | AA22: =+ROUNDUP(Z22/AA$4,0) -> 0 | AB22: =+IF(Z22*AA22=0,0,(ROUNDUP(Z22/AA22,3))) -> 0 | AC22: =+IF($D22<>"",AC$6*$P22/$T$4*VLOOKUP($M22,CÁRNICOS!$CD$13:$CJ$48,3,FALSE),AC$5*$P22/$T$4*$AC$1) -> 0 | AD22: =+IF($D22<>"",AD$6*$Q22/$T$4*VLOOKUP($M22,CÁRNICOS!$CD$13:$CJ$48,3,FALSE),AD$5*$Q22/$T$4*$AC$1) -> 0 | AE22: =+IF($D22<>"",AE$6*$R22/$T$4*VLOOKUP($M22,CÁRNICOS!$CD$13:$CJ$48,3,FALSE),AE$5*$R22/$T$4*$AC$1) -> 0 | AF22: =+IF($D22<>"",AF$6*$S22/$T$4*VLOOKUP($M22,CÁRNICOS!$CD$13:$CJ$48,3,FALSE),AF$5*$S22/$T$4*$AC$1) -> 0 | AG22: =+IF($D22<>"",AG$6*$T22/$T$4*VLOOKUP($M22,CÁRNICOS!$CD$13:$CJ$48,3,FALSE),AG$5*$T22/$T$4*$AC$1) -> 0 | AH22: =IF($F22<>"",0,SUM(AC22:AG22)) -> 0 | AI22: =+ROUNDUP(AH22/AI$4,0) -> 0 | AJ22: =+IF(AH22*AI22=0,0,(ROUNDUP(AH22/AI22,3))) -> 0 | AK22: =+IF($D22<>"",AK$6*$P22/$T$4*VLOOKUP($M22,CÁRNICOS!$CD$13:$CJ$48,4,FALSE),AK$5*$P22/$T$4*$AK$1) -> 0 | AL22: =+IF($D22<>"",AL$6*$Q22/$T$4*VLOOKUP($M22,CÁRNICOS!$CD$13:$CJ$48,4,FALSE),AL$5*$Q22/$T$4*$AK$1) -> 0 | AM22: =+IF($D22<>"",AM$6*$R22/$T$4*VLOOKUP($M22,CÁRNICOS!$CD$13:$CJ$48,4,FALSE),AM$5*$R22/$T$4*$AK$1) -> 0 | AN22: =+IF($D22<>"",AN$6*$S22/$T$4*VLOOKUP($M22,CÁRNICOS!$CD$13:$CJ$48,4,FALSE),AN$5*$S22/$T$4*$AK$1) -> 0 | AO22: =+IF($D22<>"",AO$6*$T22/$T$4*VLOOKUP($M22,CÁRNICOS!$CD$13:$CJ$48,4,FALSE),AO$5*$T22/$T$4*$AK$1) -> 0 | AP22: =IF($G22<>"",0,SUM(AK22:AO22)) -> 0 | AQ22: =+ROUNDUP(AP22/AQ$4,0) -> 0 | AR22: =+IF(AP22*AQ22=0,0,(ROUNDUP(AP22/AQ22,3))) -> 0 | AS22: =+IF($D22<>"",AS$6*$P22/$T$4*VLOOKUP($M22,CÁRNICOS!$CD$13:$CJ$48,5,FALSE),AS$5*$P22/$T$4*$AS$1) -> 3.186 | AT22: =+IF($D22<>"",AT$6*$Q22/$T$4*VLOOKUP($M22,CÁRNICOS!$CD$13:$CJ$48,5,FALSE),AT$5*$Q22/$T$4*$AS$1) -> 9.18 | AU22: =+IF($D22<>"",AU$6*$R22/$T$4*VLOOKUP($M22,CÁRNICOS!$CD$13:$CJ$48,5,FALSE),AU$5*$R22/$T$4*$AS$1) -> 0 | AV22: =+IF($D22<>"",AV$6*$S22/$T$4*VLOOKUP($M22,CÁRNICOS!$CD$13:$CJ$48,5,FALSE),AV$5*$S22/$T$4*$AS$1) -> 0 | AW22: =+IF($D22<>"",AW$6*$T22/$T$4*VLOOKUP($M22,CÁRNICOS!$CD$13:$CJ$48,5,FALSE),AW$5*$T22/$T$4*$AS$1) -> 0 | AX22: =IF($H22<>"",0,SUM(AS22:AW22)) -> 12.366 | AY22: =+ROUNDUP(AX22/AY$4,0) -> 2 | AZ22: =+IF(AX22*AY22=0,0,(ROUNDUP(AX22/AY22,3))) -> 6.183 | BA22: =+IF($D22<>"",BA$6*$P22/$T$4*VLOOKUP($M22,CÁRNICOS!$CD$13:$CJ$48,6,FALSE),BA$5*$P22/$T$4*$BA$1) -> 0 | BB22: =+IF($D22<>"",BB$6*$Q22/$T$4*VLOOKUP($M22,CÁRNICOS!$CD$13:$CJ$48,6,FALSE),BB$5*$Q22/$T$4*$BA$1) -> 0 | BC22: =+IF($D22<>"",BC$6*$R22/$T$4*VLOOKUP($M22,CÁRNICOS!$CD$13:$CJ$48,6,FALSE),BC$5*$R22/$T$4*$BA$1) -> 0 | BD22: =+IF($D22<>"",BD$6*$S22/$T$4*VLOOKUP($M22,CÁRNICOS!$CD$13:$CJ$48,6,FALSE),BD$5*$S22/$T$4*$BA$1) -> 0 | BE22: =+IF($D22<>"",BE$6*$T22/$T$4*VLOOKUP($M22,CÁRNICOS!$CD$13:$CJ$48,6,FALSE),BE$5*$T22/$T$4*$BA$1) -> 0 | BF22: =IF($I22<>"",0,SUM(BA22:BE22)) -> 0 | BG22: =+ROUNDUP(BF22/BG$4,0) -> 0 | BH22: =+IF(BF22*BG22=0,0,(ROUNDUP(BF22/BG22,3))) -> 0 | BI22: =+IF($D22<>"",BI$6*$P22/$T$4*VLOOKUP($M22,CÁRNICOS!$CD$13:$CJ$48,7,FALSE),BI$5*$P22/$T$4*$BI$1) -> 0 | BJ22: =+IF($D22<>"",BJ$6*$Q22/$T$4*VLOOKUP($M22,CÁRNICOS!$CD$13:$CJ$48,7,FALSE),BJ$5*$Q22/$T$4*$BI$1) -> 0 | BK22: =+IF($D22<>"",BK$6*$R22/$T$4*VLOOKUP($M22,CÁRNICOS!$CD$13:$CJ$48,7,FALSE),BK$5*$R22/$T$4*$BI$1) -> 0 | BL22: =+IF($D22<>"",BL$6*$S22/$T$4*VLOOKUP($M22,CÁRNICOS!$CD$13:$CJ$48,7,FALSE),BL$5*$S22/$T$4*$BI$1) -> 0 | BM22: =+IF($D22<>"",BM$6*$T22/$T$4*VLOOKUP($M22,CÁRNICOS!$CD$13:$CJ$48,7,FALSE),BM$5*$T22/$T$4*$BI$1) -> 0 | BN22: =IF($J22<>"",0,SUM(BI22:BM22)) -> 0 | BO22: =+ROUNDUP(BN22/BO$4,0) -> 0 | BP22: =+IF(BN22*BO22=0,0,(ROUNDUP(BN22/BO22,3))) -> 0 | BR22: =+L22 -> 4 | BS22: =+M22 -> LA DORADA | BT22: =+N22 -> INSTITUCIÓN EDUCATIVA RENÁN BARCO - JUAN PABLO II- SEDE PRINCIPAL | BU22: =+O22 -> CONCENTRACIÓN ESCOLAR LAS FERIAS | BV22: =+Z22 -> 0 | BW22: =+AH22 -> 0 | BX22: =+AP22 -> 0 | BY22: =+AX22 -> 12.366 | BZ22: =+BF22 -> 0 | CA22: =+BN22 -> 0 | CD22: =+CONSOLIDADO!C21 -> MARQUETALIA | CE22: =+CE$11 -> 0 | CF22: =+CF$11 -> 0 | CG22: =+CG$11 -> 0 | CH22: =+CH$11 -> 1 | CI22: =+CI$11 -> 0 | CJ22: =+CJ$11 -> 0
B23: =+COUNTIF($M$8:M23,M23) -> 4 | C23: =SUM(P23:T23) -> 40 | D23: X | L23: 4 | M23: LA DORADA | N23: INSTITUCIÓN EDUCATIVA RENÁN BARCO - JUAN PABLO II- SEDE PRINCIPAL | O23: INSTITUCION EDUCATIVA RENAN BARCO - SEDE PRINCIPAL | P23: 0 | Q23: 0 | R23: 0 | S23: 40 | T23: 0 | U23: =+IF($D23<>"",U$6*$P23/$T$4*VLOOKUP($M23,CÁRNICOS!$CD$13:$CJ$48,2,FALSE),U$5*$P23/$T$4*$U$1) -> 0 | V23: =+IF($D23<>"",V$6*$Q23/$T$4*VLOOKUP($M23,CÁRNICOS!$CD$13:$CJ$48,2,FALSE),V$5*$Q23/$T$4*$U$1) -> 0 | W23: =+IF($D23<>"",W$6*$R23/$T$4*VLOOKUP($M23,CÁRNICOS!$CD$13:$CJ$48,2,FALSE),W$5*$R23/$T$4*$U$1) -> 0 | X23: =+IF($D23<>"",X$6*$S23/$T$4*VLOOKUP($M23,CÁRNICOS!$CD$13:$CJ$48,2,FALSE),X$5*$S23/$T$4*$U$1) -> 0 | Y23: =+IF($D23<>"",Y$6*$T23/$T$4*VLOOKUP($M23,CÁRNICOS!$CD$13:$CJ$48,2,FALSE),Y$5*$T23/$T$4*$U$1) -> 0 | Z23: =IF($E23<>"",0,SUM(U23:Y23)) -> 0 | AA23: =+ROUNDUP(Z23/AA$4,0) -> 0 | AB23: =+IF(Z23*AA23=0,0,(ROUNDUP(Z23/AA23,3))) -> 0 | AC23: =+IF($D23<>"",AC$6*$P23/$T$4*VLOOKUP($M23,CÁRNICOS!$CD$13:$CJ$48,3,FALSE),AC$5*$P23/$T$4*$AC$1) -> 0 | AD23: =+IF($D23<>"",AD$6*$Q23/$T$4*VLOOKUP($M23,CÁRNICOS!$CD$13:$CJ$48,3,FALSE),AD$5*$Q23/$T$4*$AC$1) -> 0 | AE23: =+IF($D23<>"",AE$6*$R23/$T$4*VLOOKUP($M23,CÁRNICOS!$CD$13:$CJ$48,3,FALSE),AE$5*$R23/$T$4*$AC$1) -> 0 | AF23: =+IF($D23<>"",AF$6*$S23/$T$4*VLOOKUP($M23,CÁRNICOS!$CD$13:$CJ$48,3,FALSE),AF$5*$S23/$T$4*$AC$1) -> 0 | AG23: =+IF($D23<>"",AG$6*$T23/$T$4*VLOOKUP($M23,CÁRNICOS!$CD$13:$CJ$48,3,FALSE),AG$5*$T23/$T$4*$AC$1) -> 0 | AH23: =IF($F23<>"",0,SUM(AC23:AG23)) -> 0 | AI23: =+ROUNDUP(AH23/AI$4,0) -> 0 | AJ23: =+IF(AH23*AI23=0,0,(ROUNDUP(AH23/AI23,3))) -> 0 | AK23: =+IF($D23<>"",AK$6*$P23/$T$4*VLOOKUP($M23,CÁRNICOS!$CD$13:$CJ$48,4,FALSE),AK$5*$P23/$T$4*$AK$1) -> 0 | AL23: =+IF($D23<>"",AL$6*$Q23/$T$4*VLOOKUP($M23,CÁRNICOS!$CD$13:$CJ$48,4,FALSE),AL$5*$Q23/$T$4*$AK$1) -> 0 | AM23: =+IF($D23<>"",AM$6*$R23/$T$4*VLOOKUP($M23,CÁRNICOS!$CD$13:$CJ$48,4,FALSE),AM$5*$R23/$T$4*$AK$1) -> 0 | AN23: =+IF($D23<>"",AN$6*$S23/$T$4*VLOOKUP($M23,CÁRNICOS!$CD$13:$CJ$48,4,FALSE),AN$5*$S23/$T$4*$AK$1) -> 0 | AO23: =+IF($D23<>"",AO$6*$T23/$T$4*VLOOKUP($M23,CÁRNICOS!$CD$13:$CJ$48,4,FALSE),AO$5*$T23/$T$4*$AK$1) -> 0 | AP23: =IF($G23<>"",0,SUM(AK23:AO23)) -> 0 | AQ23: =+ROUNDUP(AP23/AQ$4,0) -> 0 | AR23: =+IF(AP23*AQ23=0,0,(ROUNDUP(AP23/AQ23,3))) -> 0 | AS23: =+IF($D23<>"",AS$6*$P23/$T$4*VLOOKUP($M23,CÁRNICOS!$CD$13:$CJ$48,5,FALSE),AS$5*$P23/$T$4*$AS$1) -> 0 | AT23: =+IF($D23<>"",AT$6*$Q23/$T$4*VLOOKUP($M23,CÁRNICOS!$CD$13:$CJ$48,5,FALSE),AT$5*$Q23/$T$4*$AS$1) -> 0 | AU23: =+IF($D23<>"",AU$6*$R23/$T$4*VLOOKUP($M23,CÁRNICOS!$CD$13:$CJ$48,5,FALSE),AU$5*$R23/$T$4*$AS$1) -> 0 | AV23: =+IF($D23<>"",AV$6*$S23/$T$4*VLOOKUP($M23,CÁRNICOS!$CD$13:$CJ$48,5,FALSE),AV$5*$S23/$T$4*$AS$1) -> 3.2 | AW23: =+IF($D23<>"",AW$6*$T23/$T$4*VLOOKUP($M23,CÁRNICOS!$CD$13:$CJ$48,5,FALSE),AW$5*$T23/$T$4*$AS$1) -> 0 | AX23: =IF($H23<>"",0,SUM(AS23:AW23)) -> 3.2 | AY23: =+ROUNDUP(AX23/AY$4,0) -> 1 | AZ23: =+IF(AX23*AY23=0,0,(ROUNDUP(AX23/AY23,3))) -> 3.2 | BA23: =+IF($D23<>"",BA$6*$P23/$T$4*VLOOKUP($M23,CÁRNICOS!$CD$13:$CJ$48,6,FALSE),BA$5*$P23/$T$4*$BA$1) -> 0 | BB23: =+IF($D23<>"",BB$6*$Q23/$T$4*VLOOKUP($M23,CÁRNICOS!$CD$13:$CJ$48,6,FALSE),BB$5*$Q23/$T$4*$BA$1) -> 0 | BC23: =+IF($D23<>"",BC$6*$R23/$T$4*VLOOKUP($M23,CÁRNICOS!$CD$13:$CJ$48,6,FALSE),BC$5*$R23/$T$4*$BA$1) -> 0 | BD23: =+IF($D23<>"",BD$6*$S23/$T$4*VLOOKUP($M23,CÁRNICOS!$CD$13:$CJ$48,6,FALSE),BD$5*$S23/$T$4*$BA$1) -> 0 | BE23: =+IF($D23<>"",BE$6*$T23/$T$4*VLOOKUP($M23,CÁRNICOS!$CD$13:$CJ$48,6,FALSE),BE$5*$T23/$T$4*$BA$1) -> 0 | BF23: =IF($I23<>"",0,SUM(BA23:BE23)) -> 0 | BG23: =+ROUNDUP(BF23/BG$4,0) -> 0 | BH23: =+IF(BF23*BG23=0,0,(ROUNDUP(BF23/BG23,3))) -> 0 | BI23: =+IF($D23<>"",BI$6*$P23/$T$4*VLOOKUP($M23,CÁRNICOS!$CD$13:$CJ$48,7,FALSE),BI$5*$P23/$T$4*$BI$1) -> 0 | BJ23: =+IF($D23<>"",BJ$6*$Q23/$T$4*VLOOKUP($M23,CÁRNICOS!$CD$13:$CJ$48,7,FALSE),BJ$5*$Q23/$T$4*$BI$1) -> 0 | BK23: =+IF($D23<>"",BK$6*$R23/$T$4*VLOOKUP($M23,CÁRNICOS!$CD$13:$CJ$48,7,FALSE),BK$5*$R23/$T$4*$BI$1) -> 0 | BL23: =+IF($D23<>"",BL$6*$S23/$T$4*VLOOKUP($M23,CÁRNICOS!$CD$13:$CJ$48,7,FALSE),BL$5*$S23/$T$4*$BI$1) -> 0 | BM23: =+IF($D23<>"",BM$6*$T23/$T$4*VLOOKUP($M23,CÁRNICOS!$CD$13:$CJ$48,7,FALSE),BM$5*$T23/$T$4*$BI$1) -> 0 | BN23: =IF($J23<>"",0,SUM(BI23:BM23)) -> 0 | BO23: =+ROUNDUP(BN23/BO$4,0) -> 0 | BP23: =+IF(BN23*BO23=0,0,(ROUNDUP(BN23/BO23,3))) -> 0 | BR23: =+L23 -> 4 | BS23: =+M23 -> LA DORADA | BT23: =+N23 -> INSTITUCIÓN EDUCATIVA RENÁN BARCO - JUAN PABLO II- SEDE PRINCIPAL | BU23: =+O23 -> INSTITUCION EDUCATIVA RENAN BARCO - SEDE PRINCIPAL | BV23: =+Z23 -> 0 | BW23: =+AH23 -> 0 | BX23: =+AP23 -> 0 | BY23: =+AX23 -> 3.2 | BZ23: =+BF23 -> 0 | CA23: =+BN23 -> 0 | CD23: =+CONSOLIDADO!C22 -> MARULANDA | CE23: =+CE$11 -> 0 | CF23: =+CF$11 -> 0 | CG23: =+CG$11 -> 0 | CH23: =+CH$11 -> 1 | CI23: =+CI$11 -> 0 | CJ23: =+CJ$11 -> 0
B24: =+COUNTIF($M$8:M24,M24) -> 5 | C24: =SUM(P24:T24) -> 48 | D24: X | L24: 4 | M24: LA DORADA | N24: INSTITUCION EDUCATIVA TÉCNICA ALFONSO LOPEZ | O24: ESCUELA MIGUEL DE CERVANTES SAAVEDRA | P24: 23 | Q24: 25 | R24: 0 | S24: 0 | T24: 0 | U24: =+IF($D24<>"",U$6*$P24/$T$4*VLOOKUP($M24,CÁRNICOS!$CD$13:$CJ$48,2,FALSE),U$5*$P24/$T$4*$U$1) -> 0 | V24: =+IF($D24<>"",V$6*$Q24/$T$4*VLOOKUP($M24,CÁRNICOS!$CD$13:$CJ$48,2,FALSE),V$5*$Q24/$T$4*$U$1) -> 0 | W24: =+IF($D24<>"",W$6*$R24/$T$4*VLOOKUP($M24,CÁRNICOS!$CD$13:$CJ$48,2,FALSE),W$5*$R24/$T$4*$U$1) -> 0 | X24: =+IF($D24<>"",X$6*$S24/$T$4*VLOOKUP($M24,CÁRNICOS!$CD$13:$CJ$48,2,FALSE),X$5*$S24/$T$4*$U$1) -> 0 | Y24: =+IF($D24<>"",Y$6*$T24/$T$4*VLOOKUP($M24,CÁRNICOS!$CD$13:$CJ$48,2,FALSE),Y$5*$T24/$T$4*$U$1) -> 0 | Z24: =IF($E24<>"",0,SUM(U24:Y24)) -> 0 | AA24: =+ROUNDUP(Z24/AA$4,0) -> 0 | AB24: =+IF(Z24*AA24=0,0,(ROUNDUP(Z24/AA24,3))) -> 0 | AC24: =+IF($D24<>"",AC$6*$P24/$T$4*VLOOKUP($M24,CÁRNICOS!$CD$13:$CJ$48,3,FALSE),AC$5*$P24/$T$4*$AC$1) -> 0 | AD24: =+IF($D24<>"",AD$6*$Q24/$T$4*VLOOKUP($M24,CÁRNICOS!$CD$13:$CJ$48,3,FALSE),AD$5*$Q24/$T$4*$AC$1) -> 0 | AE24: =+IF($D24<>"",AE$6*$R24/$T$4*VLOOKUP($M24,CÁRNICOS!$CD$13:$CJ$48,3,FALSE),AE$5*$R24/$T$4*$AC$1) -> 0 | AF24: =+IF($D24<>"",AF$6*$S24/$T$4*VLOOKUP($M24,CÁRNICOS!$CD$13:$CJ$48,3,FALSE),AF$5*$S24/$T$4*$AC$1) -> 0 | AG24: =+IF($D24<>"",AG$6*$T24/$T$4*VLOOKUP($M24,CÁRNICOS!$CD$13:$CJ$48,3,FALSE),AG$5*$T24/$T$4*$AC$1) -> 0 | AH24: =IF($F24<>"",0,SUM(AC24:AG24)) -> 0 | AI24: =+ROUNDUP(AH24/AI$4,0) -> 0 | AJ24: =+IF(AH24*AI24=0,0,(ROUNDUP(AH24/AI24,3))) -> 0 | AK24: =+IF($D24<>"",AK$6*$P24/$T$4*VLOOKUP($M24,CÁRNICOS!$CD$13:$CJ$48,4,FALSE),AK$5*$P24/$T$4*$AK$1) -> 0 | AL24: =+IF($D24<>"",AL$6*$Q24/$T$4*VLOOKUP($M24,CÁRNICOS!$CD$13:$CJ$48,4,FALSE),AL$5*$Q24/$T$4*$AK$1) -> 0 | AM24: =+IF($D24<>"",AM$6*$R24/$T$4*VLOOKUP($M24,CÁRNICOS!$CD$13:$CJ$48,4,FALSE),AM$5*$R24/$T$4*$AK$1) -> 0 | AN24: =+IF($D24<>"",AN$6*$S24/$T$4*VLOOKUP($M24,CÁRNICOS!$CD$13:$CJ$48,4,FALSE),AN$5*$S24/$T$4*$AK$1) -> 0 | AO24: =+IF($D24<>"",AO$6*$T24/$T$4*VLOOKUP($M24,CÁRNICOS!$CD$13:$CJ$48,4,FALSE),AO$5*$T24/$T$4*$AK$1) -> 0 | AP24: =IF($G24<>"",0,SUM(AK24:AO24)) -> 0 | AQ24: =+ROUNDUP(AP24/AQ$4,0) -> 0 | AR24: =+IF(AP24*AQ24=0,0,(ROUNDUP(AP24/AQ24,3))) -> 0 | AS24: =+IF($D24<>"",AS$6*$P24/$T$4*VLOOKUP($M24,CÁRNICOS!$CD$13:$CJ$48,5,FALSE),AS$5*$P24/$T$4*$AS$1) -> 1.242 | AT24: =+IF($D24<>"",AT$6*$Q24/$T$4*VLOOKUP($M24,CÁRNICOS!$CD$13:$CJ$48,5,FALSE),AT$5*$Q24/$T$4*$AS$1) -> 1.35 | AU24: =+IF($D24<>"",AU$6*$R24/$T$4*VLOOKUP($M24,CÁRNICOS!$CD$13:$CJ$48,5,FALSE),AU$5*$R24/$T$4*$AS$1) -> 0 | AV24: =+IF($D24<>"",AV$6*$S24/$T$4*VLOOKUP($M24,CÁRNICOS!$CD$13:$CJ$48,5,FALSE),AV$5*$S24/$T$4*$AS$1) -> 0 | AW24: =+IF($D24<>"",AW$6*$T24/$T$4*VLOOKUP($M24,CÁRNICOS!$CD$13:$CJ$48,5,FALSE),AW$5*$T24/$T$4*$AS$1) -> 0 | AX24: =IF($H24<>"",0,SUM(AS24:AW24)) -> 2.592 | AY24: =+ROUNDUP(AX24/AY$4,0) -> 1 | AZ24: =+IF(AX24*AY24=0,0,(ROUNDUP(AX24/AY24,3))) -> 2.592 | BA24: =+IF($D24<>"",BA$6*$P24/$T$4*VLOOKUP($M24,CÁRNICOS!$CD$13:$CJ$48,6,FALSE),BA$5*$P24/$T$4*$BA$1) -> 0 | BB24: =+IF($D24<>"",BB$6*$Q24/$T$4*VLOOKUP($M24,CÁRNICOS!$CD$13:$CJ$48,6,FALSE),BB$5*$Q24/$T$4*$BA$1) -> 0 | BC24: =+IF($D24<>"",BC$6*$R24/$T$4*VLOOKUP($M24,CÁRNICOS!$CD$13:$CJ$48,6,FALSE),BC$5*$R24/$T$4*$BA$1) -> 0 | BD24: =+IF($D24<>"",BD$6*$S24/$T$4*VLOOKUP($M24,CÁRNICOS!$CD$13:$CJ$48,6,FALSE),BD$5*$S24/$T$4*$BA$1) -> 0 | BE24: =+IF($D24<>"",BE$6*$T24/$T$4*VLOOKUP($M24,CÁRNICOS!$CD$13:$CJ$48,6,FALSE),BE$5*$T24/$T$4*$BA$1) -> 0 | BF24: =IF($I24<>"",0,SUM(BA24:BE24)) -> 0 | BG24: =+ROUNDUP(BF24/BG$4,0) -> 0 | BH24: =+IF(BF24*BG24=0,0,(ROUNDUP(BF24/BG24,3))) -> 0 | BI24: =+IF($D24<>"",BI$6*$P24/$T$4*VLOOKUP($M24,CÁRNICOS!$CD$13:$CJ$48,7,FALSE),BI$5*$P24/$T$4*$BI$1) -> 0 | BJ24: =+IF($D24<>"",BJ$6*$Q24/$T$4*VLOOKUP($M24,CÁRNICOS!$CD$13:$CJ$48,7,FALSE),BJ$5*$Q24/$T$4*$BI$1) -> 0 | BK24: =+IF($D24<>"",BK$6*$R24/$T$4*VLOOKUP($M24,CÁRNICOS!$CD$13:$CJ$48,7,FALSE),BK$5*$R24/$T$4*$BI$1) -> 0 | BL24: =+IF($D24<>"",BL$6*$S24/$T$4*VLOOKUP($M24,CÁRNICOS!$CD$13:$CJ$48,7,FALSE),BL$5*$S24/$T$4*$BI$1) -> 0 | BM24: =+IF($D24<>"",BM$6*$T24/$T$4*VLOOKUP($M24,CÁRNICOS!$CD$13:$CJ$48,7,FALSE),BM$5*$T24/$T$4*$BI$1) -> 0 | BN24: =IF($J24<>"",0,SUM(BI24:BM24)) -> 0 | BO24: =+ROUNDUP(BN24/BO$4,0) -> 0 | BP24: =+IF(BN24*BO24=0,0,(ROUNDUP(BN24/BO24,3))) -> 0 | BR24: =+L24 -> 4 | BS24: =+M24 -> LA DORADA | BT24: =+N24 -> INSTITUCION EDUCATIVA TÉCNICA ALFONSO LOPEZ | BU24: =+O24 -> ESCUELA MIGUEL DE CERVANTES SAAVEDRA | BV24: =+Z24 -> 0 | BW24: =+AH24 -> 0 | BX24: =+AP24 -> 0 | BY24: =+AX24 -> 2.592 | BZ24: =+BF24 -> 0 | CA24: =+BN24 -> 0 | CD24: =+CONSOLIDADO!C23 -> TOTAL MÓDULO I | CE24: =+CE$11 -> 0 | CF24: =+CF$11 -> 0 | CG24: =+CG$11 -> 0 | CH24: =+CH$11 -> 1 | CI24: =+CI$11 -> 0 | CJ24: =+CJ$11 -> 0
B25: 1 | C25: =SUM(P25:T25) -> 20 | D25: X | L25: 6 | M25: LA DORADA | N25: INSTITUCION EDUCATIVA DORADA | O25: ESCUELA KENNEDY | P25: 0 | Q25: 20 | R25: 0 | S25: 0 | T25: 0 | U25: =+IF($D25<>"",U$6*$P25/$T$4*VLOOKUP($M25,CÁRNICOS!$CD$13:$CJ$48,2,FALSE),U$5*$P25/$T$4*$U$1) -> 0 | V25: =+IF($D25<>"",V$6*$Q25/$T$4*VLOOKUP($M25,CÁRNICOS!$CD$13:$CJ$48,2,FALSE),V$5*$Q25/$T$4*$U$1) -> 0 | W25: =+IF($D25<>"",W$6*$R25/$T$4*VLOOKUP($M25,CÁRNICOS!$CD$13:$CJ$48,2,FALSE),W$5*$R25/$T$4*$U$1) -> 0 | X25: =+IF($D25<>"",X$6*$S25/$T$4*VLOOKUP($M25,CÁRNICOS!$CD$13:$CJ$48,2,FALSE),X$5*$S25/$T$4*$U$1) -> 0 | Y25: =+IF($D25<>"",Y$6*$T25/$T$4*VLOOKUP($M25,CÁRNICOS!$CD$13:$CJ$48,2,FALSE),Y$5*$T25/$T$4*$U$1) -> 0 | Z25: =IF($E25<>"",0,SUM(U25:Y25)) -> 0 | AA25: =+ROUNDUP(Z25/AA$4,0) -> 0 | AB25: =+IF(Z25*AA25=0,0,(ROUNDUP(Z25/AA25,3))) -> 0 | AC25: =+IF($D25<>"",AC$6*$P25/$T$4*VLOOKUP($M25,CÁRNICOS!$CD$13:$CJ$48,3,FALSE),AC$5*$P25/$T$4*$AC$1) -> 0 | AD25: =+IF($D25<>"",AD$6*$Q25/$T$4*VLOOKUP($M25,CÁRNICOS!$CD$13:$CJ$48,3,FALSE),AD$5*$Q25/$T$4*$AC$1) -> 0 | AE25: =+IF($D25<>"",AE$6*$R25/$T$4*VLOOKUP($M25,CÁRNICOS!$CD$13:$CJ$48,3,FALSE),AE$5*$R25/$T$4*$AC$1) -> 0 | AF25: =+IF($D25<>"",AF$6*$S25/$T$4*VLOOKUP($M25,CÁRNICOS!$CD$13:$CJ$48,3,FALSE),AF$5*$S25/$T$4*$AC$1) -> 0 | AG25: =+IF($D25<>"",AG$6*$T25/$T$4*VLOOKUP($M25,CÁRNICOS!$CD$13:$CJ$48,3,FALSE),AG$5*$T25/$T$4*$AC$1) -> 0 | AH25: =IF($F25<>"",0,SUM(AC25:AG25)) -> 0 | AI25: =+ROUNDUP(AH25/AI$4,0) -> 0 | AJ25: =+IF(AH25*AI25=0,0,(ROUNDUP(AH25/AI25,3))) -> 0 | AK25: =+IF($D25<>"",AK$6*$P25/$T$4*VLOOKUP($M25,CÁRNICOS!$CD$13:$CJ$48,4,FALSE),AK$5*$P25/$T$4*$AK$1) -> 0 | AL25: =+IF($D25<>"",AL$6*$Q25/$T$4*VLOOKUP($M25,CÁRNICOS!$CD$13:$CJ$48,4,FALSE),AL$5*$Q25/$T$4*$AK$1) -> 0 | AM25: =+IF($D25<>"",AM$6*$R25/$T$4*VLOOKUP($M25,CÁRNICOS!$CD$13:$CJ$48,4,FALSE),AM$5*$R25/$T$4*$AK$1) -> 0 | AN25: =+IF($D25<>"",AN$6*$S25/$T$4*VLOOKUP($M25,CÁRNICOS!$CD$13:$CJ$48,4,FALSE),AN$5*$S25/$T$4*$AK$1) -> 0 | AO25: =+IF($D25<>"",AO$6*$T25/$T$4*VLOOKUP($M25,CÁRNICOS!$CD$13:$CJ$48,4,FALSE),AO$5*$T25/$T$4*$AK$1) -> 0 | AP25: =IF($G25<>"",0,SUM(AK25:AO25)) -> 0 | AQ25: =+ROUNDUP(AP25/AQ$4,0) -> 0 | AR25: =+IF(AP25*AQ25=0,0,(ROUNDUP(AP25/AQ25,3))) -> 0 | AS25: =+IF($D25<>"",AS$6*$P25/$T$4*VLOOKUP($M25,CÁRNICOS!$CD$13:$CJ$48,5,FALSE),AS$5*$P25/$T$4*$AS$1) -> 0 | AT25: =+IF($D25<>"",AT$6*$Q25/$T$4*VLOOKUP($M25,CÁRNICOS!$CD$13:$CJ$48,5,FALSE),AT$5*$Q25/$T$4*$AS$1) -> 1.08 | AU25: =+IF($D25<>"",AU$6*$R25/$T$4*VLOOKUP($M25,CÁRNICOS!$CD$13:$CJ$48,5,FALSE),AU$5*$R25/$T$4*$AS$1) -> 0 | AV25: =+IF($D25<>"",AV$6*$S25/$T$4*VLOOKUP($M25,CÁRNICOS!$CD$13:$CJ$48,5,FALSE),AV$5*$S25/$T$4*$AS$1) -> 0 | AW25: =+IF($D25<>"",AW$6*$T25/$T$4*VLOOKUP($M25,CÁRNICOS!$CD$13:$CJ$48,5,FALSE),AW$5*$T25/$T$4*$AS$1) -> 0 | AX25: =IF($H25<>"",0,SUM(AS25:AW25)) -> 1.08 | AY25: =+ROUNDUP(AX25/AY$4,0) -> 1 | AZ25: =+IF(AX25*AY25=0,0,(ROUNDUP(AX25/AY25,3))) -> 1.08 | BA25: =+IF($D25<>"",BA$6*$P25/$T$4*VLOOKUP($M25,CÁRNICOS!$CD$13:$CJ$48,6,FALSE),BA$5*$P25/$T$4*$BA$1) -> 0 | BB25: =+IF($D25<>"",BB$6*$Q25/$T$4*VLOOKUP($M25,CÁRNICOS!$CD$13:$CJ$48,6,FALSE),BB$5*$Q25/$T$4*$BA$1) -> 0 | BC25: =+IF($D25<>"",BC$6*$R25/$T$4*VLOOKUP($M25,CÁRNICOS!$CD$13:$CJ$48,6,FALSE),BC$5*$R25/$T$4*$BA$1) -> 0 | BD25: =+IF($D25<>"",BD$6*$S25/$T$4*VLOOKUP($M25,CÁRNICOS!$CD$13:$CJ$48,6,FALSE),BD$5*$S25/$T$4*$BA$1) -> 0 | BE25: =+IF($D25<>"",BE$6*$T25/$T$4*VLOOKUP($M25,CÁRNICOS!$CD$13:$CJ$48,6,FALSE),BE$5*$T25/$T$4*$BA$1) -> 0 | BF25: =IF($I25<>"",0,SUM(BA25:BE25)) -> 0 | BG25: =+ROUNDUP(BF25/BG$4,0) -> 0 | BH25: =+IF(BF25*BG25=0,0,(ROUNDUP(BF25/BG25,3))) -> 0 | BI25: =+IF($D25<>"",BI$6*$P25/$T$4*VLOOKUP($M25,CÁRNICOS!$CD$13:$CJ$48,7,FALSE),BI$5*$P25/$T$4*$BI$1) -> 0 | BJ25: =+IF($D25<>"",BJ$6*$Q25/$T$4*VLOOKUP($M25,CÁRNICOS!$CD$13:$CJ$48,7,FALSE),BJ$5*$Q25/$T$4*$BI$1) -> 0 | BK25: =+IF($D25<>"",BK$6*$R25/$T$4*VLOOKUP($M25,CÁRNICOS!$CD$13:$CJ$48,7,FALSE),BK$5*$R25/$T$4*$BI$1) -> 0 | BL25: =+IF($D25<>"",BL$6*$S25/$T$4*VLOOKUP($M25,CÁRNICOS!$CD$13:$CJ$48,7,FALSE),BL$5*$S25/$T$4*$BI$1) -> 0 | BM25: =+IF($D25<>"",BM$6*$T25/$T$4*VLOOKUP($M25,CÁRNICOS!$CD$13:$CJ$48,7,FALSE),BM$5*$T25/$T$4*$BI$1) -> 0 | BN25: =IF($J25<>"",0,SUM(BI25:BM25)) -> 0 | BO25: =+ROUNDUP(BN25/BO$4,0) -> 0 | BP25: =+IF(BN25*BO25=0,0,(ROUNDUP(BN25/BO25,3))) -> 0 | BR25: =+L25 -> 6 | BS25: =+M25 -> LA DORADA | BT25: =+N25 -> INSTITUCION EDUCATIVA DORADA | BU25: =+O25 -> ESCUELA KENNEDY | BV25: =+Z25 -> 0 | BW25: =+AH25 -> 0 | BX25: =+AP25 -> 0 | BY25: =+AX25 -> 1.08 | BZ25: =+BF25 -> 0 | CA25: =+BN25 -> 0 | CD25: =+CONSOLIDADO!C24 -> CHINCHINÁ | CE25: =+CE$11 -> 0 | CF25: =+CF$11 -> 0 | CG25: =+CG$11 -> 0 | CH25: =+CH$11 -> 1 | CI25: =+CI$11 -> 0 | CJ25: =+CJ$11 -> 0
B26: =+COUNTIF($M$8:M26,M26) -> 7 | C26: =SUM(P26:T26) -> 42 | D26: X | L26: 6 | M26: LA DORADA | N26: INSTITUCION EDUCATIVA DORADA | O26: ESCUELA POLICARPA SALAVARRIETA | P26: 17 | Q26: 25 | R26: 0 | S26: 0 | T26: 0 | U26: =+IF($D26<>"",U$6*$P26/$T$4*VLOOKUP($M26,CÁRNICOS!$CD$13:$CJ$48,2,FALSE),U$5*$P26/$T$4*$U$1) -> 0 | V26: =+IF($D26<>"",V$6*$Q26/$T$4*VLOOKUP($M26,CÁRNICOS!$CD$13:$CJ$48,2,FALSE),V$5*$Q26/$T$4*$U$1) -> 0 | W26: =+IF($D26<>"",W$6*$R26/$T$4*VLOOKUP($M26,CÁRNICOS!$CD$13:$CJ$48,2,FALSE),W$5*$R26/$T$4*$U$1) -> 0 | X26: =+IF($D26<>"",X$6*$S26/$T$4*VLOOKUP($M26,CÁRNICOS!$CD$13:$CJ$48,2,FALSE),X$5*$S26/$T$4*$U$1) -> 0 | Y26: =+IF($D26<>"",Y$6*$T26/$T$4*VLOOKUP($M26,CÁRNICOS!$CD$13:$CJ$48,2,FALSE),Y$5*$T26/$T$4*$U$1) -> 0 | Z26: =IF($E26<>"",0,SUM(U26:Y26)) -> 0 | AA26: =+ROUNDUP(Z26/AA$4,0) -> 0 | AB26: =+IF(Z26*AA26=0,0,(ROUNDUP(Z26/AA26,3))) -> 0 | AC26: =+IF($D26<>"",AC$6*$P26/$T$4*VLOOKUP($M26,CÁRNICOS!$CD$13:$CJ$48,3,FALSE),AC$5*$P26/$T$4*$AC$1) -> 0 | AD26: =+IF($D26<>"",AD$6*$Q26/$T$4*VLOOKUP($M26,CÁRNICOS!$CD$13:$CJ$48,3,FALSE),AD$5*$Q26/$T$4*$AC$1) -> 0 | AE26: =+IF($D26<>"",AE$6*$R26/$T$4*VLOOKUP($M26,CÁRNICOS!$CD$13:$CJ$48,3,FALSE),AE$5*$R26/$T$4*$AC$1) -> 0 | AF26: =+IF($D26<>"",AF$6*$S26/$T$4*VLOOKUP($M26,CÁRNICOS!$CD$13:$CJ$48,3,FALSE),AF$5*$S26/$T$4*$AC$1) -> 0 | AG26: =+IF($D26<>"",AG$6*$T26/$T$4*VLOOKUP($M26,CÁRNICOS!$CD$13:$CJ$48,3,FALSE),AG$5*$T26/$T$4*$AC$1) -> 0 | AH26: =IF($F26<>"",0,SUM(AC26:AG26)) -> 0 | AI26: =+ROUNDUP(AH26/AI$4,0) -> 0 | AJ26: =+IF(AH26*AI26=0,0,(ROUNDUP(AH26/AI26,3))) -> 0 | AK26: =+IF($D26<>"",AK$6*$P26/$T$4*VLOOKUP($M26,CÁRNICOS!$CD$13:$CJ$48,4,FALSE),AK$5*$P26/$T$4*$AK$1) -> 0 | AL26: =+IF($D26<>"",AL$6*$Q26/$T$4*VLOOKUP($M26,CÁRNICOS!$CD$13:$CJ$48,4,FALSE),AL$5*$Q26/$T$4*$AK$1) -> 0 | AM26: =+IF($D26<>"",AM$6*$R26/$T$4*VLOOKUP($M26,CÁRNICOS!$CD$13:$CJ$48,4,FALSE),AM$5*$R26/$T$4*$AK$1) -> 0 | AN26: =+IF($D26<>"",AN$6*$S26/$T$4*VLOOKUP($M26,CÁRNICOS!$CD$13:$CJ$48,4,FALSE),AN$5*$S26/$T$4*$AK$1) -> 0 | AO26: =+IF($D26<>"",AO$6*$T26/$T$4*VLOOKUP($M26,CÁRNICOS!$CD$13:$CJ$48,4,FALSE),AO$5*$T26/$T$4*$AK$1) -> 0 | AP26: =IF($G26<>"",0,SUM(AK26:AO26)) -> 0 | AQ26: =+ROUNDUP(AP26/AQ$4,0) -> 0 | AR26: =+IF(AP26*AQ26=0,0,(ROUNDUP(AP26/AQ26,3))) -> 0 | AS26: =+IF($D26<>"",AS$6*$P26/$T$4*VLOOKUP($M26,CÁRNICOS!$CD$13:$CJ$48,5,FALSE),AS$5*$P26/$T$4*$AS$1) -> 0.918 | AT26: =+IF($D26<>"",AT$6*$Q26/$T$4*VLOOKUP($M26,CÁRNICOS!$CD$13:$CJ$48,5,FALSE),AT$5*$Q26/$T$4*$AS$1) -> 1.35 | AU26: =+IF($D26<>"",AU$6*$R26/$T$4*VLOOKUP($M26,CÁRNICOS!$CD$13:$CJ$48,5,FALSE),AU$5*$R26/$T$4*$AS$1) -> 0 | AV26: =+IF($D26<>"",AV$6*$S26/$T$4*VLOOKUP($M26,CÁRNICOS!$CD$13:$CJ$48,5,FALSE),AV$5*$S26/$T$4*$AS$1) -> 0 | AW26: =+IF($D26<>"",AW$6*$T26/$T$4*VLOOKUP($M26,CÁRNICOS!$CD$13:$CJ$48,5,FALSE),AW$5*$T26/$T$4*$AS$1) -> 0 | AX26: =IF($H26<>"",0,SUM(AS26:AW26)) -> 2.268 | AY26: =+ROUNDUP(AX26/AY$4,0) -> 1 | AZ26: =+IF(AX26*AY26=0,0,(ROUNDUP(AX26/AY26,3))) -> 2.268 | BA26: =+IF($D26<>"",BA$6*$P26/$T$4*VLOOKUP($M26,CÁRNICOS!$CD$13:$CJ$48,6,FALSE),BA$5*$P26/$T$4*$BA$1) -> 0 | BB26: =+IF($D26<>"",BB$6*$Q26/$T$4*VLOOKUP($M26,CÁRNICOS!$CD$13:$CJ$48,6,FALSE),BB$5*$Q26/$T$4*$BA$1) -> 0 | BC26: =+IF($D26<>"",BC$6*$R26/$T$4*VLOOKUP($M26,CÁRNICOS!$CD$13:$CJ$48,6,FALSE),BC$5*$R26/$T$4*$BA$1) -> 0 | BD26: =+IF($D26<>"",BD$6*$S26/$T$4*VLOOKUP($M26,CÁRNICOS!$CD$13:$CJ$48,6,FALSE),BD$5*$S26/$T$4*$BA$1) -> 0 | BE26: =+IF($D26<>"",BE$6*$T26/$T$4*VLOOKUP($M26,CÁRNICOS!$CD$13:$CJ$48,6,FALSE),BE$5*$T26/$T$4*$BA$1) -> 0 | BF26: =IF($I26<>"",0,SUM(BA26:BE26)) -> 0 | BG26: =+ROUNDUP(BF26/BG$4,0) -> 0 | BH26: =+IF(BF26*BG26=0,0,(ROUNDUP(BF26/BG26,3))) -> 0 | BI26: =+IF($D26<>"",BI$6*$P26/$T$4*VLOOKUP($M26,CÁRNICOS!$CD$13:$CJ$48,7,FALSE),BI$5*$P26/$T$4*$BI$1) -> 0 | BJ26: =+IF($D26<>"",BJ$6*$Q26/$T$4*VLOOKUP($M26,CÁRNICOS!$CD$13:$CJ$48,7,FALSE),BJ$5*$Q26/$T$4*$BI$1) -> 0 | BK26: =+IF($D26<>"",BK$6*$R26/$T$4*VLOOKUP($M26,CÁRNICOS!$CD$13:$CJ$48,7,FALSE),BK$5*$R26/$T$4*$BI$1) -> 0 | BL26: =+IF($D26<>"",BL$6*$S26/$T$4*VLOOKUP($M26,CÁRNICOS!$CD$13:$CJ$48,7,FALSE),BL$5*$S26/$T$4*$BI$1) -> 0 | BM26: =+IF($D26<>"",BM$6*$T26/$T$4*VLOOKUP($M26,CÁRNICOS!$CD$13:$CJ$48,7,FALSE),BM$5*$T26/$T$4*$BI$1) -> 0 | BN26: =IF($J26<>"",0,SUM(BI26:BM26)) -> 0 | BO26: =+ROUNDUP(BN26/BO$4,0) -> 0 | BP26: =+IF(BN26*BO26=0,0,(ROUNDUP(BN26/BO26,3))) -> 0 | BR26: =+L26 -> 6 | BS26: =+M26 -> LA DORADA | BT26: =+N26 -> INSTITUCION EDUCATIVA DORADA | BU26: =+O26 -> ESCUELA POLICARPA SALAVARRIETA | BV26: =+Z26 -> 0 | BW26: =+AH26 -> 0 | BX26: =+AP26 -> 0 | BY26: =+AX26 -> 2.268 | BZ26: =+BF26 -> 0 | CA26: =+BN26 -> 0 | CD26: =+CONSOLIDADO!C25 -> PALESTINA | CE26: =+CE$11 -> 0 | CF26: =+CF$11 -> 0 | CG26: =+CG$11 -> 0 | CH26: =+CH$11 -> 1 | CI26: =+CI$11 -> 0 | CJ26: =+CJ$11 -> 0
B27: =+B26+1 -> 8 | C27: =SUM(P27:T27) -> 108 | D27: X | L27: 6 | M27: LA DORADA | N27: INSTITUCION EDUCATIVA NUESTRA SEÑORA DEL CARMEN | O27: ESCUELA ANTONIO JOSE DE SUCRE | P27: 33 | Q27: 75 | R27: 0 | S27: 0 | T27: 0 | U27: =+IF($D27<>"",U$6*$P27/$T$4*VLOOKUP($M27,CÁRNICOS!$CD$13:$CJ$48,2,FALSE),U$5*$P27/$T$4*$U$1) -> 0 | V27: =+IF($D27<>"",V$6*$Q27/$T$4*VLOOKUP($M27,CÁRNICOS!$CD$13:$CJ$48,2,FALSE),V$5*$Q27/$T$4*$U$1) -> 0 | W27: =+IF($D27<>"",W$6*$R27/$T$4*VLOOKUP($M27,CÁRNICOS!$CD$13:$CJ$48,2,FALSE),W$5*$R27/$T$4*$U$1) -> 0 | X27: =+IF($D27<>"",X$6*$S27/$T$4*VLOOKUP($M27,CÁRNICOS!$CD$13:$CJ$48,2,FALSE),X$5*$S27/$T$4*$U$1) -> 0 | Y27: =+IF($D27<>"",Y$6*$T27/$T$4*VLOOKUP($M27,CÁRNICOS!$CD$13:$CJ$48,2,FALSE),Y$5*$T27/$T$4*$U$1) -> 0 | Z27: =IF($E27<>"",0,SUM(U27:Y27)) -> 0 | AA27: =+ROUNDUP(Z27/AA$4,0) -> 0 | AB27: =+IF(Z27*AA27=0,0,(ROUNDUP(Z27/AA27,3))) -> 0 | AC27: =+IF($D27<>"",AC$6*$P27/$T$4*VLOOKUP($M27,CÁRNICOS!$CD$13:$CJ$48,3,FALSE),AC$5*$P27/$T$4*$AC$1) -> 0 | AD27: =+IF($D27<>"",AD$6*$Q27/$T$4*VLOOKUP($M27,CÁRNICOS!$CD$13:$CJ$48,3,FALSE),AD$5*$Q27/$T$4*$AC$1) -> 0 | AE27: =+IF($D27<>"",AE$6*$R27/$T$4*VLOOKUP($M27,CÁRNICOS!$CD$13:$CJ$48,3,FALSE),AE$5*$R27/$T$4*$AC$1) -> 0 | AF27: =+IF($D27<>"",AF$6*$S27/$T$4*VLOOKUP($M27,CÁRNICOS!$CD$13:$CJ$48,3,FALSE),AF$5*$S27/$T$4*$AC$1) -> 0 | AG27: =+IF($D27<>"",AG$6*$T27/$T$4*VLOOKUP($M27,CÁRNICOS!$CD$13:$CJ$48,3,FALSE),AG$5*$T27/$T$4*$AC$1) -> 0 | AH27: =IF($F27<>"",0,SUM(AC27:AG27)) -> 0 | AI27: =+ROUNDUP(AH27/AI$4,0) -> 0 | AJ27: =+IF(AH27*AI27=0,0,(ROUNDUP(AH27/AI27,3))) -> 0 | AK27: =+IF($D27<>"",AK$6*$P27/$T$4*VLOOKUP($M27,CÁRNICOS!$CD$13:$CJ$48,4,FALSE),AK$5*$P27/$T$4*$AK$1) -> 0 | AL27: =+IF($D27<>"",AL$6*$Q27/$T$4*VLOOKUP($M27,CÁRNICOS!$CD$13:$CJ$48,4,FALSE),AL$5*$Q27/$T$4*$AK$1) -> 0 | AM27: =+IF($D27<>"",AM$6*$R27/$T$4*VLOOKUP($M27,CÁRNICOS!$CD$13:$CJ$48,4,FALSE),AM$5*$R27/$T$4*$AK$1) -> 0 | AN27: =+IF($D27<>"",AN$6*$S27/$T$4*VLOOKUP($M27,CÁRNICOS!$CD$13:$CJ$48,4,FALSE),AN$5*$S27/$T$4*$AK$1) -> 0 | AO27: =+IF($D27<>"",AO$6*$T27/$T$4*VLOOKUP($M27,CÁRNICOS!$CD$13:$CJ$48,4,FALSE),AO$5*$T27/$T$4*$AK$1) -> 0 | AP27: =IF($G27<>"",0,SUM(AK27:AO27)) -> 0 | AQ27: =+ROUNDUP(AP27/AQ$4,0) -> 0 | AR27: =+IF(AP27*AQ27=0,0,(ROUNDUP(AP27/AQ27,3))) -> 0 | AS27: =+IF($D27<>"",AS$6*$P27/$T$4*VLOOKUP($M27,CÁRNICOS!$CD$13:$CJ$48,5,FALSE),AS$5*$P27/$T$4*$AS$1) -> 1.782 | AT27: =+IF($D27<>"",AT$6*$Q27/$T$4*VLOOKUP($M27,CÁRNICOS!$CD$13:$CJ$48,5,FALSE),AT$5*$Q27/$T$4*$AS$1) -> 4.05 | AU27: =+IF($D27<>"",AU$6*$R27/$T$4*VLOOKUP($M27,CÁRNICOS!$CD$13:$CJ$48,5,FALSE),AU$5*$R27/$T$4*$AS$1) -> 0 | AV27: =+IF($D27<>"",AV$6*$S27/$T$4*VLOOKUP($M27,CÁRNICOS!$CD$13:$CJ$48,5,FALSE),AV$5*$S27/$T$4*$AS$1) -> 0 | AW27: =+IF($D27<>"",AW$6*$T27/$T$4*VLOOKUP($M27,CÁRNICOS!$CD$13:$CJ$48,5,FALSE),AW$5*$T27/$T$4*$AS$1) -> 0 | AX27: =IF($H27<>"",0,SUM(AS27:AW27)) -> 5.832 | AY27: =+ROUNDUP(AX27/AY$4,0) -> 1 | AZ27: =+IF(AX27*AY27=0,0,(ROUNDUP(AX27/AY27,3))) -> 5.832 | BA27: =+IF($D27<>"",BA$6*$P27/$T$4*VLOOKUP($M27,CÁRNICOS!$CD$13:$CJ$48,6,FALSE),BA$5*$P27/$T$4*$BA$1) -> 0 | BB27: =+IF($D27<>"",BB$6*$Q27/$T$4*VLOOKUP($M27,CÁRNICOS!$CD$13:$CJ$48,6,FALSE),BB$5*$Q27/$T$4*$BA$1) -> 0 | BC27: =+IF($D27<>"",BC$6*$R27/$T$4*VLOOKUP($M27,CÁRNICOS!$CD$13:$CJ$48,6,FALSE),BC$5*$R27/$T$4*$BA$1) -> 0 | BD27: =+IF($D27<>"",BD$6*$S27/$T$4*VLOOKUP($M27,CÁRNICOS!$CD$13:$CJ$48,6,FALSE),BD$5*$S27/$T$4*$BA$1) -> 0 | BE27: =+IF($D27<>"",BE$6*$T27/$T$4*VLOOKUP($M27,CÁRNICOS!$CD$13:$CJ$48,6,FALSE),BE$5*$T27/$T$4*$BA$1) -> 0 | BF27: =IF($I27<>"",0,SUM(BA27:BE27)) -> 0 | BG27: =+ROUNDUP(BF27/BG$4,0) -> 0 | BH27: =+IF(BF27*BG27=0,0,(ROUNDUP(BF27/BG27,3))) -> 0 | BI27: =+IF($D27<>"",BI$6*$P27/$T$4*VLOOKUP($M27,CÁRNICOS!$CD$13:$CJ$48,7,FALSE),BI$5*$P27/$T$4*$BI$1) -> 0 | BJ27: =+IF($D27<>"",BJ$6*$Q27/$T$4*VLOOKUP($M27,CÁRNICOS!$CD$13:$CJ$48,7,FALSE),BJ$5*$Q27/$T$4*$BI$1) -> 0 | BK27: =+IF($D27<>"",BK$6*$R27/$T$4*VLOOKUP($M27,CÁRNICOS!$CD$13:$CJ$48,7,FALSE),BK$5*$R27/$T$4*$BI$1) -> 0 | BL27: =+IF($D27<>"",BL$6*$S27/$T$4*VLOOKUP($M27,CÁRNICOS!$CD$13:$CJ$48,7,FALSE),BL$5*$S27/$T$4*$BI$1) -> 0 | BM27: =+IF($D27<>"",BM$6*$T27/$T$4*VLOOKUP($M27,CÁRNICOS!$CD$13:$CJ$48,7,FALSE),BM$5*$T27/$T$4*$BI$1) -> 0 | BN27: =IF($J27<>"",0,SUM(BI27:BM27)) -> 0 | BO27: =+ROUNDUP(BN27/BO$4,0) -> 0 | BP27: =+IF(BN27*BO27=0,0,(ROUNDUP(BN27/BO27,3))) -> 0 | BR27: =+L27 -> 6 | BS27: =+M27 -> LA DORADA | BT27: =+N27 -> INSTITUCION EDUCATIVA NUESTRA SEÑORA DEL CARMEN | BU27: =+O27 -> ESCUELA ANTONIO JOSE DE SUCRE | BV27: =+Z27 -> 0 | BW27: =+AH27 -> 0 | BX27: =+AP27 -> 0 | BY27: =+AX27 -> 5.832 | BZ27: =+BF27 -> 0 | CA27: =+BN27 -> 0 | CD27: =+CONSOLIDADO!C26 -> VILLAMARÍA | CE27: =+CE$11 -> 0 | CF27: =+CF$11 -> 0 | CG27: =+CG$11 -> 0 | CH27: =+CH$11 -> 1 | CI27: =+CI$11 -> 0 | CJ27: =+CJ$11 -> 0
B28: =+B27+1 -> 9 | C28: =SUM(P28:T28) -> 61 | D28: X | L28: 6 | M28: LA DORADA | N28: INSTITUCION EDUCATIVA NUESTRA SEÑORA DEL CARMEN | O28: ESCUELA JOSE ANTONIO GALAN | P28: 0 | Q28: 61 | R28: 0 | S28: 0 | T28: 0 | U28: =+IF($D28<>"",U$6*$P28/$T$4*VLOOKUP($M28,CÁRNICOS!$CD$13:$CJ$48,2,FALSE),U$5*$P28/$T$4*$U$1) -> 0 | V28: =+IF($D28<>"",V$6*$Q28/$T$4*VLOOKUP($M28,CÁRNICOS!$CD$13:$CJ$48,2,FALSE),V$5*$Q28/$T$4*$U$1) -> 0 | W28: =+IF($D28<>"",W$6*$R28/$T$4*VLOOKUP($M28,CÁRNICOS!$CD$13:$CJ$48,2,FALSE),W$5*$R28/$T$4*$U$1) -> 0 | X28: =+IF($D28<>"",X$6*$S28/$T$4*VLOOKUP($M28,CÁRNICOS!$CD$13:$CJ$48,2,FALSE),X$5*$S28/$T$4*$U$1) -> 0 | Y28: =+IF($D28<>"",Y$6*$T28/$T$4*VLOOKUP($M28,CÁRNICOS!$CD$13:$CJ$48,2,FALSE),Y$5*$T28/$T$4*$U$1) -> 0 | Z28: =IF($E28<>"",0,SUM(U28:Y28)) -> 0 | AA28: =+ROUNDUP(Z28/AA$4,0) -> 0 | AB28: =+IF(Z28*AA28=0,0,(ROUNDUP(Z28/AA28,3))) -> 0 | AC28: =+IF($D28<>"",AC$6*$P28/$T$4*VLOOKUP($M28,CÁRNICOS!$CD$13:$CJ$48,3,FALSE),AC$5*$P28/$T$4*$AC$1) -> 0 | AD28: =+IF($D28<>"",AD$6*$Q28/$T$4*VLOOKUP($M28,CÁRNICOS!$CD$13:$CJ$48,3,FALSE),AD$5*$Q28/$T$4*$AC$1) -> 0 | AE28: =+IF($D28<>"",AE$6*$R28/$T$4*VLOOKUP($M28,CÁRNICOS!$CD$13:$CJ$48,3,FALSE),AE$5*$R28/$T$4*$AC$1) -> 0 | AF28: =+IF($D28<>"",AF$6*$S28/$T$4*VLOOKUP($M28,CÁRNICOS!$CD$13:$CJ$48,3,FALSE),AF$5*$S28/$T$4*$AC$1) -> 0 | AG28: =+IF($D28<>"",AG$6*$T28/$T$4*VLOOKUP($M28,CÁRNICOS!$CD$13:$CJ$48,3,FALSE),AG$5*$T28/$T$4*$AC$1) -> 0 | AH28: =IF($F28<>"",0,SUM(AC28:AG28)) -> 0 | AI28: =+ROUNDUP(AH28/AI$4,0) -> 0 | AJ28: =+IF(AH28*AI28=0,0,(ROUNDUP(AH28/AI28,3))) -> 0 | AK28: =+IF($D28<>"",AK$6*$P28/$T$4*VLOOKUP($M28,CÁRNICOS!$CD$13:$CJ$48,4,FALSE),AK$5*$P28/$T$4*$AK$1) -> 0 | AL28: =+IF($D28<>"",AL$6*$Q28/$T$4*VLOOKUP($M28,CÁRNICOS!$CD$13:$CJ$48,4,FALSE),AL$5*$Q28/$T$4*$AK$1) -> 0 | AM28: =+IF($D28<>"",AM$6*$R28/$T$4*VLOOKUP($M28,CÁRNICOS!$CD$13:$CJ$48,4,FALSE),AM$5*$R28/$T$4*$AK$1) -> 0 | AN28: =+IF($D28<>"",AN$6*$S28/$T$4*VLOOKUP($M28,CÁRNICOS!$CD$13:$CJ$48,4,FALSE),AN$5*$S28/$T$4*$AK$1) -> 0 | AO28: =+IF($D28<>"",AO$6*$T28/$T$4*VLOOKUP($M28,CÁRNICOS!$CD$13:$CJ$48,4,FALSE),AO$5*$T28/$T$4*$AK$1) -> 0 | AP28: =IF($G28<>"",0,SUM(AK28:AO28)) -> 0 | AQ28: =+ROUNDUP(AP28/AQ$4,0) -> 0 | AR28: =+IF(AP28*AQ28=0,0,(ROUNDUP(AP28/AQ28,3))) -> 0 | AS28: =+IF($D28<>"",AS$6*$P28/$T$4*VLOOKUP($M28,CÁRNICOS!$CD$13:$CJ$48,5,FALSE),AS$5*$P28/$T$4*$AS$1) -> 0 | AT28: =+IF($D28<>"",AT$6*$Q28/$T$4*VLOOKUP($M28,CÁRNICOS!$CD$13:$CJ$48,5,FALSE),AT$5*$Q28/$T$4*$AS$1) -> 3.294 | AU28: =+IF($D28<>"",AU$6*$R28/$T$4*VLOOKUP($M28,CÁRNICOS!$CD$13:$CJ$48,5,FALSE),AU$5*$R28/$T$4*$AS$1) -> 0 | AV28: =+IF($D28<>"",AV$6*$S28/$T$4*VLOOKUP($M28,CÁRNICOS!$CD$13:$CJ$48,5,FALSE),AV$5*$S28/$T$4*$AS$1) -> 0 | AW28: =+IF($D28<>"",AW$6*$T28/$T$4*VLOOKUP($M28,CÁRNICOS!$CD$13:$CJ$48,5,FALSE),AW$5*$T28/$T$4*$AS$1) -> 0 | AX28: =IF($H28<>"",0,SUM(AS28:AW28)) -> 3.294 | AY28: =+ROUNDUP(AX28/AY$4,0) -> 1 | AZ28: =+IF(AX28*AY28=0,0,(ROUNDUP(AX28/AY28,3))) -> 3.294 | BA28: =+IF($D28<>"",BA$6*$P28/$T$4*VLOOKUP($M28,CÁRNICOS!$CD$13:$CJ$48,6,FALSE),BA$5*$P28/$T$4*$BA$1) -> 0 | BB28: =+IF($D28<>"",BB$6*$Q28/$T$4*VLOOKUP($M28,CÁRNICOS!$CD$13:$CJ$48,6,FALSE),BB$5*$Q28/$T$4*$BA$1) -> 0 | BC28: =+IF($D28<>"",BC$6*$R28/$T$4*VLOOKUP($M28,CÁRNICOS!$CD$13:$CJ$48,6,FALSE),BC$5*$R28/$T$4*$BA$1) -> 0 | BD28: =+IF($D28<>"",BD$6*$S28/$T$4*VLOOKUP($M28,CÁRNICOS!$CD$13:$CJ$48,6,FALSE),BD$5*$S28/$T$4*$BA$1) -> 0 | BE28: =+IF($D28<>"",BE$6*$T28/$T$4*VLOOKUP($M28,CÁRNICOS!$CD$13:$CJ$48,6,FALSE),BE$5*$T28/$T$4*$BA$1) -> 0 | BF28: =IF($I28<>"",0,SUM(BA28:BE28)) -> 0 | BG28: =+ROUNDUP(BF28/BG$4,0) -> 0 | BH28: =+IF(BF28*BG28=0,0,(ROUNDUP(BF28/BG28,3))) -> 0 | BI28: =+IF($D28<>"",BI$6*$P28/$T$4*VLOOKUP($M28,CÁRNICOS!$CD$13:$CJ$48,7,FALSE),BI$5*$P28/$T$4*$BI$1) -> 0 | BJ28: =+IF($D28<>"",BJ$6*$Q28/$T$4*VLOOKUP($M28,CÁRNICOS!$CD$13:$CJ$48,7,FALSE),BJ$5*$Q28/$T$4*$BI$1) -> 0 | BK28: =+IF($D28<>"",BK$6*$R28/$T$4*VLOOKUP($M28,CÁRNICOS!$CD$13:$CJ$48,7,FALSE),BK$5*$R28/$T$4*$BI$1) -> 0 | BL28: =+IF($D28<>"",BL$6*$S28/$T$4*VLOOKUP($M28,CÁRNICOS!$CD$13:$CJ$48,7,FALSE),BL$5*$S28/$T$4*$BI$1) -> 0 | BM28: =+IF($D28<>"",BM$6*$T28/$T$4*VLOOKUP($M28,CÁRNICOS!$CD$13:$CJ$48,7,FALSE),BM$5*$T28/$T$4*$BI$1) -> 0 | BN28: =IF($J28<>"",0,SUM(BI28:BM28)) -> 0 | BO28: =+ROUNDUP(BN28/BO$4,0) -> 0 | BP28: =+IF(BN28*BO28=0,0,(ROUNDUP(BN28/BO28,3))) -> 0 | BR28: =+L28 -> 6 | BS28: =+M28 -> LA DORADA | BT28: =+N28 -> INSTITUCION EDUCATIVA NUESTRA SEÑORA DEL CARMEN | BU28: =+O28 -> ESCUELA JOSE ANTONIO GALAN | BV28: =+Z28 -> 0 | BW28: =+AH28 -> 0 | BX28: =+AP28 -> 0 | BY28: =+AX28 -> 3.294 | BZ28: =+BF28 -> 0 | CA28: =+BN28 -> 0 | CD28: =+CONSOLIDADO!C26 -> VILLAMARÍA | CE28: =+CE$11 -> 0 | CF28: =+CF$11 -> 0 | CG28: =+CG$11 -> 0 | CH28: =+CH$11 -> 1 | CI28: =+CI$11 -> 0 | CJ28: =+CJ$11 -> 0
B29: =+COUNTIF($M$8:M29,M29) -> 10 | C29: =SUM(P29:T29) -> 53 | D29: X | L29: 6 | M29: LA DORADA | N29: INSTITUCION EDUCATIVA NUESTRA SEÑORA DEL CARMEN | O29: ESCUELA SAN VICENTE DE PAUL | P29: 26 | Q29: 27 | R29: 0 | S29: 0 | T29: 0 | U29: =+IF($D29<>"",U$6*$P29/$T$4*VLOOKUP($M29,CÁRNICOS!$CD$13:$CJ$48,2,FALSE),U$5*$P29/$T$4*$U$1) -> 0 | V29: =+IF($D29<>"",V$6*$Q29/$T$4*VLOOKUP($M29,CÁRNICOS!$CD$13:$CJ$48,2,FALSE),V$5*$Q29/$T$4*$U$1) -> 0 | W29: =+IF($D29<>"",W$6*$R29/$T$4*VLOOKUP($M29,CÁRNICOS!$CD$13:$CJ$48,2,FALSE),W$5*$R29/$T$4*$U$1) -> 0 | X29: =+IF($D29<>"",X$6*$S29/$T$4*VLOOKUP($M29,CÁRNICOS!$CD$13:$CJ$48,2,FALSE),X$5*$S29/$T$4*$U$1) -> 0 | Y29: =+IF($D29<>"",Y$6*$T29/$T$4*VLOOKUP($M29,CÁRNICOS!$CD$13:$CJ$48,2,FALSE),Y$5*$T29/$T$4*$U$1) -> 0 | Z29: =IF($E29<>"",0,SUM(U29:Y29)) -> 0 | AA29: =+ROUNDUP(Z29/AA$4,0) -> 0 | AB29: =+IF(Z29*AA29=0,0,(ROUNDUP(Z29/AA29,3))) -> 0 | AC29: =+IF($D29<>"",AC$6*$P29/$T$4*VLOOKUP($M29,CÁRNICOS!$CD$13:$CJ$48,3,FALSE),AC$5*$P29/$T$4*$AC$1) -> 0 | AD29: =+IF($D29<>"",AD$6*$Q29/$T$4*VLOOKUP($M29,CÁRNICOS!$CD$13:$CJ$48,3,FALSE),AD$5*$Q29/$T$4*$AC$1) -> 0 | AE29: =+IF($D29<>"",AE$6*$R29/$T$4*VLOOKUP($M29,CÁRNICOS!$CD$13:$CJ$48,3,FALSE),AE$5*$R29/$T$4*$AC$1) -> 0 | AF29: =+IF($D29<>"",AF$6*$S29/$T$4*VLOOKUP($M29,CÁRNICOS!$CD$13:$CJ$48,3,FALSE),AF$5*$S29/$T$4*$AC$1) -> 0 | AG29: =+IF($D29<>"",AG$6*$T29/$T$4*VLOOKUP($M29,CÁRNICOS!$CD$13:$CJ$48,3,FALSE),AG$5*$T29/$T$4*$AC$1) -> 0 | AH29: =IF($F29<>"",0,SUM(AC29:AG29)) -> 0 | AI29: =+ROUNDUP(AH29/AI$4,0) -> 0 | AJ29: =+IF(AH29*AI29=0,0,(ROUNDUP(AH29/AI29,3))) -> 0 | AK29: =+IF($D29<>"",AK$6*$P29/$T$4*VLOOKUP($M29,CÁRNICOS!$CD$13:$CJ$48,4,FALSE),AK$5*$P29/$T$4*$AK$1) -> 0 | AL29: =+IF($D29<>"",AL$6*$Q29/$T$4*VLOOKUP($M29,CÁRNICOS!$CD$13:$CJ$48,4,FALSE),AL$5*$Q29/$T$4*$AK$1) -> 0 | AM29: =+IF($D29<>"",AM$6*$R29/$T$4*VLOOKUP($M29,CÁRNICOS!$CD$13:$CJ$48,4,FALSE),AM$5*$R29/$T$4*$AK$1) -> 0 | AN29: =+IF($D29<>"",AN$6*$S29/$T$4*VLOOKUP($M29,CÁRNICOS!$CD$13:$CJ$48,4,FALSE),AN$5*$S29/$T$4*$AK$1) -> 0 | AO29: =+IF($D29<>"",AO$6*$T29/$T$4*VLOOKUP($M29,CÁRNICOS!$CD$13:$CJ$48,4,FALSE),AO$5*$T29/$T$4*$AK$1) -> 0 | AP29: =IF($G29<>"",0,SUM(AK29:AO29)) -> 0 | AQ29: =+ROUNDUP(AP29/AQ$4,0) -> 0 | AR29: =+IF(AP29*AQ29=0,0,(ROUNDUP(AP29/AQ29,3))) -> 0 | AS29: =+IF($D29<>"",AS$6*$P29/$T$4*VLOOKUP($M29,CÁRNICOS!$CD$13:$CJ$48,5,FALSE),AS$5*$P29/$T$4*$AS$1) -> 1.404 | AT29: =+IF($D29<>"",AT$6*$Q29/$T$4*VLOOKUP($M29,CÁRNICOS!$CD$13:$CJ$48,5,FALSE),AT$5*$Q29/$T$4*$AS$1) -> 1.458 | AU29: =+IF($D29<>"",AU$6*$R29/$T$4*VLOOKUP($M29,CÁRNICOS!$CD$13:$CJ$48,5,FALSE),AU$5*$R29/$T$4*$AS$1) -> 0 | AV29: =+IF($D29<>"",AV$6*$S29/$T$4*VLOOKUP($M29,CÁRNICOS!$CD$13:$CJ$48,5,FALSE),AV$5*$S29/$T$4*$AS$1) -> 0 | AW29: =+IF($D29<>"",AW$6*$T29/$T$4*VLOOKUP($M29,CÁRNICOS!$CD$13:$CJ$48,5,FALSE),AW$5*$T29/$T$4*$AS$1) -> 0 | AX29: =IF($H29<>"",0,SUM(AS29:AW29)) -> 2.862 | AY29: =+ROUNDUP(AX29/AY$4,0) -> 1 | AZ29: =+IF(AX29*AY29=0,0,(ROUNDUP(AX29/AY29,3))) -> 2.862 | BA29: =+IF($D29<>"",BA$6*$P29/$T$4*VLOOKUP($M29,CÁRNICOS!$CD$13:$CJ$48,6,FALSE),BA$5*$P29/$T$4*$BA$1) -> 0 | BB29: =+IF($D29<>"",BB$6*$Q29/$T$4*VLOOKUP($M29,CÁRNICOS!$CD$13:$CJ$48,6,FALSE),BB$5*$Q29/$T$4*$BA$1) -> 0 | BC29: =+IF($D29<>"",BC$6*$R29/$T$4*VLOOKUP($M29,CÁRNICOS!$CD$13:$CJ$48,6,FALSE),BC$5*$R29/$T$4*$BA$1) -> 0 | BD29: =+IF($D29<>"",BD$6*$S29/$T$4*VLOOKUP($M29,CÁRNICOS!$CD$13:$CJ$48,6,FALSE),BD$5*$S29/$T$4*$BA$1) -> 0 | BE29: =+IF($D29<>"",BE$6*$T29/$T$4*VLOOKUP($M29,CÁRNICOS!$CD$13:$CJ$48,6,FALSE),BE$5*$T29/$T$4*$BA$1) -> 0 | BF29: =IF($I29<>"",0,SUM(BA29:BE29)) -> 0 | BG29: =+ROUNDUP(BF29/BG$4,0) -> 0 | BH29: =+IF(BF29*BG29=0,0,(ROUNDUP(BF29/BG29,3))) -> 0 | BI29: =+IF($D29<>"",BI$6*$P29/$T$4*VLOOKUP($M29,CÁRNICOS!$CD$13:$CJ$48,7,FALSE),BI$5*$P29/$T$4*$BI$1) -> 0 | BJ29: =+IF($D29<>"",BJ$6*$Q29/$T$4*VLOOKUP($M29,CÁRNICOS!$CD$13:$CJ$48,7,FALSE),BJ$5*$Q29/$T$4*$BI$1) -> 0 | BK29: =+IF($D29<>"",BK$6*$R29/$T$4*VLOOKUP($M29,CÁRNICOS!$CD$13:$CJ$48,7,FALSE),BK$5*$R29/$T$4*$BI$1) -> 0 | BL29: =+IF($D29<>"",BL$6*$S29/$T$4*VLOOKUP($M29,CÁRNICOS!$CD$13:$CJ$48,7,FALSE),BL$5*$S29/$T$4*$BI$1) -> 0 | BM29: =+IF($D29<>"",BM$6*$T29/$T$4*VLOOKUP($M29,CÁRNICOS!$CD$13:$CJ$48,7,FALSE),BM$5*$T29/$T$4*$BI$1) -> 0 | BN29: =IF($J29<>"",0,SUM(BI29:BM29)) -> 0 | BO29: =+ROUNDUP(BN29/BO$4,0) -> 0 | BP29: =+IF(BN29*BO29=0,0,(ROUNDUP(BN29/BO29,3))) -> 0 | BR29: =+L29 -> 6 | BS29: =+M29 -> LA DORADA | BT29: =+N29 -> INSTITUCION EDUCATIVA NUESTRA SEÑORA DEL CARMEN | BU29: =+O29 -> ESCUELA SAN VICENTE DE PAUL | BV29: =+Z29 -> 0 | BW29: =+AH29 -> 0 | BX29: =+AP29 -> 0 | BY29: =+AX29 -> 2.862 | BZ29: =+BF29 -> 0 | CA29: =+BN29 -> 0 | CD29: =+CONSOLIDADO!C27 -> NEIRA | CE29: =+CE$11 -> 0 | CF29: =+CF$11 -> 0 | CG29: =+CG$11 -> 0 | CH29: =+CH$11 -> 1 | CI29: =+CI$11 -> 0 | CJ29: =+CJ$11 -> 0
B30: =+COUNTIF($M$8:M30,M30) -> 11 | C30: =SUM(P30:T30) -> 59 | D30: X | L30: 6 | M30: LA DORADA | N30: INSTITUCION EDUCATIVA PURNIO | O30: INSTITUCION EDUCATIVA PURNIO - SEDE PRINCIPAL | P30: 0 | Q30: 22 | R30: 0 | S30: 37 | T30: 0 | U30: =+IF($D30<>"",U$6*$P30/$T$4*VLOOKUP($M30,CÁRNICOS!$CD$13:$CJ$48,2,FALSE),U$5*$P30/$T$4*$U$1) -> 0 | V30: =+IF($D30<>"",V$6*$Q30/$T$4*VLOOKUP($M30,CÁRNICOS!$CD$13:$CJ$48,2,FALSE),V$5*$Q30/$T$4*$U$1) -> 0 | W30: =+IF($D30<>"",W$6*$R30/$T$4*VLOOKUP($M30,CÁRNICOS!$CD$13:$CJ$48,2,FALSE),W$5*$R30/$T$4*$U$1) -> 0 | X30: =+IF($D30<>"",X$6*$S30/$T$4*VLOOKUP($M30,CÁRNICOS!$CD$13:$CJ$48,2,FALSE),X$5*$S30/$T$4*$U$1) -> 0 | Y30: =+IF($D30<>"",Y$6*$T30/$T$4*VLOOKUP($M30,CÁRNICOS!$CD$13:$CJ$48,2,FALSE),Y$5*$T30/$T$4*$U$1) -> 0 | Z30: =IF($E30<>"",0,SUM(U30:Y30)) -> 0 | AA30: =+ROUNDUP(Z30/AA$4,0) -> 0 | AB30: =+IF(Z30*AA30=0,0,(ROUNDUP(Z30/AA30,3))) -> 0 | AC30: =+IF($D30<>"",AC$6*$P30/$T$4*VLOOKUP($M30,CÁRNICOS!$CD$13:$CJ$48,3,FALSE),AC$5*$P30/$T$4*$AC$1) -> 0 | AD30: =+IF($D30<>"",AD$6*$Q30/$T$4*VLOOKUP($M30,CÁRNICOS!$CD$13:$CJ$48,3,FALSE),AD$5*$Q30/$T$4*$AC$1) -> 0 | AE30: =+IF($D30<>"",AE$6*$R30/$T$4*VLOOKUP($M30,CÁRNICOS!$CD$13:$CJ$48,3,FALSE),AE$5*$R30/$T$4*$AC$1) -> 0 | AF30: =+IF($D30<>"",AF$6*$S30/$T$4*VLOOKUP($M30,CÁRNICOS!$CD$13:$CJ$48,3,FALSE),AF$5*$S30/$T$4*$AC$1) -> 0 | AG30: =+IF($D30<>"",AG$6*$T30/$T$4*VLOOKUP($M30,CÁRNICOS!$CD$13:$CJ$48,3,FALSE),AG$5*$T30/$T$4*$AC$1) -> 0 | AH30: =IF($F30<>"",0,SUM(AC30:AG30)) -> 0 | AI30: =+ROUNDUP(AH30/AI$4,0) -> 0 | AJ30: =+IF(AH30*AI30=0,0,(ROUNDUP(AH30/AI30,3))) -> 0 | AK30: =+IF($D30<>"",AK$6*$P30/$T$4*VLOOKUP($M30,CÁRNICOS!$CD$13:$CJ$48,4,FALSE),AK$5*$P30/$T$4*$AK$1) -> 0 | AL30: =+IF($D30<>"",AL$6*$Q30/$T$4*VLOOKUP($M30,CÁRNICOS!$CD$13:$CJ$48,4,FALSE),AL$5*$Q30/$T$4*$AK$1) -> 0 | AM30: =+IF($D30<>"",AM$6*$R30/$T$4*VLOOKUP($M30,CÁRNICOS!$CD$13:$CJ$48,4,FALSE),AM$5*$R30/$T$4*$AK$1) -> 0 | AN30: =+IF($D30<>"",AN$6*$S30/$T$4*VLOOKUP($M30,CÁRNICOS!$CD$13:$CJ$48,4,FALSE),AN$5*$S30/$T$4*$AK$1) -> 0 | AO30: =+IF($D30<>"",AO$6*$T30/$T$4*VLOOKUP($M30,CÁRNICOS!$CD$13:$CJ$48,4,FALSE),AO$5*$T30/$T$4*$AK$1) -> 0 | AP30: =IF($G30<>"",0,SUM(AK30:AO30)) -> 0 | AQ30: =+ROUNDUP(AP30/AQ$4,0) -> 0 | AR30: =+IF(AP30*AQ30=0,0,(ROUNDUP(AP30/AQ30,3))) -> 0 | AS30: =+IF($D30<>"",AS$6*$P30/$T$4*VLOOKUP($M30,CÁRNICOS!$CD$13:$CJ$48,5,FALSE),AS$5*$P30/$T$4*$AS$1) -> 0 | AT30: =+IF($D30<>"",AT$6*$Q30/$T$4*VLOOKUP($M30,CÁRNICOS!$CD$13:$CJ$48,5,FALSE),AT$5*$Q30/$T$4*$AS$1) -> 1.188 | AU30: =+IF($D30<>"",AU$6*$R30/$T$4*VLOOKUP($M30,CÁRNICOS!$CD$13:$CJ$48,5,FALSE),AU$5*$R30/$T$4*$AS$1) -> 0 | AV30: =+IF($D30<>"",AV$6*$S30/$T$4*VLOOKUP($M30,CÁRNICOS!$CD$13:$CJ$48,5,FALSE),AV$5*$S30/$T$4*$AS$1) -> 2.96 | AW30: =+IF($D30<>"",AW$6*$T30/$T$4*VLOOKUP($M30,CÁRNICOS!$CD$13:$CJ$48,5,FALSE),AW$5*$T30/$T$4*$AS$1) -> 0 | AX30: =IF($H30<>"",0,SUM(AS30:AW30)) -> 4.148 | AY30: =+ROUNDUP(AX30/AY$4,0) -> 1 | AZ30: =+IF(AX30*AY30=0,0,(ROUNDUP(AX30/AY30,3))) -> 4.148 | BA30: =+IF($D30<>"",BA$6*$P30/$T$4*VLOOKUP($M30,CÁRNICOS!$CD$13:$CJ$48,6,FALSE),BA$5*$P30/$T$4*$BA$1) -> 0 | BB30: =+IF($D30<>"",BB$6*$Q30/$T$4*VLOOKUP($M30,CÁRNICOS!$CD$13:$CJ$48,6,FALSE),BB$5*$Q30/$T$4*$BA$1) -> 0 | BC30: =+IF($D30<>"",BC$6*$R30/$T$4*VLOOKUP($M30,CÁRNICOS!$CD$13:$CJ$48,6,FALSE),BC$5*$R30/$T$4*$BA$1) -> 0 | BD30: =+IF($D30<>"",BD$6*$S30/$T$4*VLOOKUP($M30,CÁRNICOS!$CD$13:$CJ$48,6,FALSE),BD$5*$S30/$T$4*$BA$1) -> 0 | BE30: =+IF($D30<>"",BE$6*$T30/$T$4*VLOOKUP($M30,CÁRNICOS!$CD$13:$CJ$48,6,FALSE),BE$5*$T30/$T$4*$BA$1) -> 0 | BF30: =IF($I30<>"",0,SUM(BA30:BE30)) -> 0 | BG30: =+ROUNDUP(BF30/BG$4,0) -> 0 | BH30: =+IF(BF30*BG30=0,0,(ROUNDUP(BF30/BG30,3))) -> 0 | BI30: =+IF($D30<>"",BI$6*$P30/$T$4*VLOOKUP($M30,CÁRNICOS!$CD$13:$CJ$48,7,FALSE),BI$5*$P30/$T$4*$BI$1) -> 0 | BJ30: =+IF($D30<>"",BJ$6*$Q30/$T$4*VLOOKUP($M30,CÁRNICOS!$CD$13:$CJ$48,7,FALSE),BJ$5*$Q30/$T$4*$BI$1) -> 0 | BK30: =+IF($D30<>"",BK$6*$R30/$T$4*VLOOKUP($M30,CÁRNICOS!$CD$13:$CJ$48,7,FALSE),BK$5*$R30/$T$4*$BI$1) -> 0 | BL30: =+IF($D30<>"",BL$6*$S30/$T$4*VLOOKUP($M30,CÁRNICOS!$CD$13:$CJ$48,7,FALSE),BL$5*$S30/$T$4*$BI$1) -> 0 | BM30: =+IF($D30<>"",BM$6*$T30/$T$4*VLOOKUP($M30,CÁRNICOS!$CD$13:$CJ$48,7,FALSE),BM$5*$T30/$T$4*$BI$1) -> 0 | BN30: =IF($J30<>"",0,SUM(BI30:BM30)) -> 0 | BO30: =+ROUNDUP(BN30/BO$4,0) -> 0 | BP30: =+IF(BN30*BO30=0,0,(ROUNDUP(BN30/BO30,3))) -> 0 | BR30: =+L30 -> 6 | BS30: =+M30 -> LA DORADA | BT30: =+N30 -> INSTITUCION EDUCATIVA PURNIO | BU30: =+O30 -> INSTITUCION EDUCATIVA PURNIO - SEDE PRINCIPAL | BV30: =+Z30 -> 0 | BW30: =+AH30 -> 0 | BX30: =+AP30 -> 0 | BY30: =+AX30 -> 4.148 | BZ30: =+BF30 -> 0 | CA30: =+BN30 -> 0 | CD30: =+CONSOLIDADO!C28 -> AGUADAS | CE30: =+CE$11 -> 0 | CF30: =+CF$11 -> 0 | CG30: =+CG$11 -> 0 | CH30: =+CH$11 -> 1 | CI30: =+CI$11 -> 0 | CJ30: =+CJ$11 -> 0
B31: =+COUNTIF($M$8:M31,M31) -> 1 | C31: =SUM(P31:T31) -> 39 | D31: X | L31: 1 | M31: LA MERCED | N31: INSTITUCION EDUCATIVA LA FELISA | O31: INSTITUCION EDUCATIVA LA FELISA - SEDE PRINCIPAL | P31: 6 | Q31: 33 | R31: 0 | S31: 0 | T31: 0 | U31: =+IF($D31<>"",U$6*$P31/$T$4*VLOOKUP($M31,CÁRNICOS!$CD$13:$CJ$48,2,FALSE),U$5*$P31/$T$4*$U$1) -> 0 | V31: =+IF($D31<>"",V$6*$Q31/$T$4*VLOOKUP($M31,CÁRNICOS!$CD$13:$CJ$48,2,FALSE),V$5*$Q31/$T$4*$U$1) -> 0 | W31: =+IF($D31<>"",W$6*$R31/$T$4*VLOOKUP($M31,CÁRNICOS!$CD$13:$CJ$48,2,FALSE),W$5*$R31/$T$4*$U$1) -> 0 | X31: =+IF($D31<>"",X$6*$S31/$T$4*VLOOKUP($M31,CÁRNICOS!$CD$13:$CJ$48,2,FALSE),X$5*$S31/$T$4*$U$1) -> 0 | Y31: =+IF($D31<>"",Y$6*$T31/$T$4*VLOOKUP($M31,CÁRNICOS!$CD$13:$CJ$48,2,FALSE),Y$5*$T31/$T$4*$U$1) -> 0 | Z31: =IF($E31<>"",0,SUM(U31:Y31)) -> 0 | AA31: =+ROUNDUP(Z31/AA$4,0) -> 0 | AB31: =+IF(Z31*AA31=0,0,(ROUNDUP(Z31/AA31,3))) -> 0 | AC31: =+IF($D31<>"",AC$6*$P31/$T$4*VLOOKUP($M31,CÁRNICOS!$CD$13:$CJ$48,3,FALSE),AC$5*$P31/$T$4*$AC$1) -> 0 | AD31: =+IF($D31<>"",AD$6*$Q31/$T$4*VLOOKUP($M31,CÁRNICOS!$CD$13:$CJ$48,3,FALSE),AD$5*$Q31/$T$4*$AC$1) -> 0 | AE31: =+IF($D31<>"",AE$6*$R31/$T$4*VLOOKUP($M31,CÁRNICOS!$CD$13:$CJ$48,3,FALSE),AE$5*$R31/$T$4*$AC$1) -> 0 | AF31: =+IF($D31<>"",AF$6*$S31/$T$4*VLOOKUP($M31,CÁRNICOS!$CD$13:$CJ$48,3,FALSE),AF$5*$S31/$T$4*$AC$1) -> 0 | AG31: =+IF($D31<>"",AG$6*$T31/$T$4*VLOOKUP($M31,CÁRNICOS!$CD$13:$CJ$48,3,FALSE),AG$5*$T31/$T$4*$AC$1) -> 0 | AH31: =IF($F31<>"",0,SUM(AC31:AG31)) -> 0 | AI31: =+ROUNDUP(AH31/AI$4,0) -> 0 | AJ31: =+IF(AH31*AI31=0,0,(ROUNDUP(AH31/AI31,3))) -> 0 | AK31: =+IF($D31<>"",AK$6*$P31/$T$4*VLOOKUP($M31,CÁRNICOS!$CD$13:$CJ$48,4,FALSE),AK$5*$P31/$T$4*$AK$1) -> 0 | AL31: =+IF($D31<>"",AL$6*$Q31/$T$4*VLOOKUP($M31,CÁRNICOS!$CD$13:$CJ$48,4,FALSE),AL$5*$Q31/$T$4*$AK$1) -> 0 | AM31: =+IF($D31<>"",AM$6*$R31/$T$4*VLOOKUP($M31,CÁRNICOS!$CD$13:$CJ$48,4,FALSE),AM$5*$R31/$T$4*$AK$1) -> 0 | AN31: =+IF($D31<>"",AN$6*$S31/$T$4*VLOOKUP($M31,CÁRNICOS!$CD$13:$CJ$48,4,FALSE),AN$5*$S31/$T$4*$AK$1) -> 0 | AO31: =+IF($D31<>"",AO$6*$T31/$T$4*VLOOKUP($M31,CÁRNICOS!$CD$13:$CJ$48,4,FALSE),AO$5*$T31/$T$4*$AK$1) -> 0 | AP31: =IF($G31<>"",0,SUM(AK31:AO31)) -> 0 | AQ31: =+ROUNDUP(AP31/AQ$4,0) -> 0 | AR31: =+IF(AP31*AQ31=0,0,(ROUNDUP(AP31/AQ31,3))) -> 0 | AS31: =+IF($D31<>"",AS$6*$P31/$T$4*VLOOKUP($M31,CÁRNICOS!$CD$13:$CJ$48,5,FALSE),AS$5*$P31/$T$4*$AS$1) -> 0.324 | AT31: =+IF($D31<>"",AT$6*$Q31/$T$4*VLOOKUP($M31,CÁRNICOS!$CD$13:$CJ$48,5,FALSE),AT$5*$Q31/$T$4*$AS$1) -> 1.782 | AU31: =+IF($D31<>"",AU$6*$R31/$T$4*VLOOKUP($M31,CÁRNICOS!$CD$13:$CJ$48,5,FALSE),AU$5*$R31/$T$4*$AS$1) -> 0 | AV31: =+IF($D31<>"",AV$6*$S31/$T$4*VLOOKUP($M31,CÁRNICOS!$CD$13:$CJ$48,5,FALSE),AV$5*$S31/$T$4*$AS$1) -> 0 | AW31: =+IF($D31<>"",AW$6*$T31/$T$4*VLOOKUP($M31,CÁRNICOS!$CD$13:$CJ$48,5,FALSE),AW$5*$T31/$T$4*$AS$1) -> 0 | AX31: =IF($H31<>"",0,SUM(AS31:AW31)) -> 2.106 | AY31: =+ROUNDUP(AX31/AY$4,0) -> 1 | AZ31: =+IF(AX31*AY31=0,0,(ROUNDUP(AX31/AY31,3))) -> 2.106 | BA31: =+IF($D31<>"",BA$6*$P31/$T$4*VLOOKUP($M31,CÁRNICOS!$CD$13:$CJ$48,6,FALSE),BA$5*$P31/$T$4*$BA$1) -> 0 | BB31: =+IF($D31<>"",BB$6*$Q31/$T$4*VLOOKUP($M31,CÁRNICOS!$CD$13:$CJ$48,6,FALSE),BB$5*$Q31/$T$4*$BA$1) -> 0 | BC31: =+IF($D31<>"",BC$6*$R31/$T$4*VLOOKUP($M31,CÁRNICOS!$CD$13:$CJ$48,6,FALSE),BC$5*$R31/$T$4*$BA$1) -> 0 | BD31: =+IF($D31<>"",BD$6*$S31/$T$4*VLOOKUP($M31,CÁRNICOS!$CD$13:$CJ$48,6,FALSE),BD$5*$S31/$T$4*$BA$1) -> 0 | BE31: =+IF($D31<>"",BE$6*$T31/$T$4*VLOOKUP($M31,CÁRNICOS!$CD$13:$CJ$48,6,FALSE),BE$5*$T31/$T$4*$BA$1) -> 0 | BF31: =IF($I31<>"",0,SUM(BA31:BE31)) -> 0 | BG31: =+ROUNDUP(BF31/BG$4,0) -> 0 | BH31: =+IF(BF31*BG31=0,0,(ROUNDUP(BF31/BG31,3))) -> 0 | BI31: =+IF($D31<>"",BI$6*$P31/$T$4*VLOOKUP($M31,CÁRNICOS!$CD$13:$CJ$48,7,FALSE),BI$5*$P31/$T$4*$BI$1) -> 0 | BJ31: =+IF($D31<>"",BJ$6*$Q31/$T$4*VLOOKUP($M31,CÁRNICOS!$CD$13:$CJ$48,7,FALSE),BJ$5*$Q31/$T$4*$BI$1) -> 0 | BK31: =+IF($D31<>"",BK$6*$R31/$T$4*VLOOKUP($M31,CÁRNICOS!$CD$13:$CJ$48,7,FALSE),BK$5*$R31/$T$4*$BI$1) -> 0 | BL31: =+IF($D31<>"",BL$6*$S31/$T$4*VLOOKUP($M31,CÁRNICOS!$CD$13:$CJ$48,7,FALSE),BL$5*$S31/$T$4*$BI$1) -> 0 | BM31: =+IF($D31<>"",BM$6*$T31/$T$4*VLOOKUP($M31,CÁRNICOS!$CD$13:$CJ$48,7,FALSE),BM$5*$T31/$T$4*$BI$1) -> 0 | BN31: =IF($J31<>"",0,SUM(BI31:BM31)) -> 0 | BO31: =+ROUNDUP(BN31/BO$4,0) -> 0 | BP31: =+IF(BN31*BO31=0,0,(ROUNDUP(BN31/BO31,3))) -> 0 | BR31: =+L31 -> 1 | BS31: =+M31 -> LA MERCED | BT31: =+N31 -> INSTITUCION EDUCATIVA LA FELISA | BU31: =+O31 -> INSTITUCION EDUCATIVA LA FELISA - SEDE PRINCIPAL | BV31: =+Z31 -> 0 | BW31: =+AH31 -> 0 | BX31: =+AP31 -> 0 | BY31: =+AX31 -> 2.106 | BZ31: =+BF31 -> 0 | CA31: =+BN31 -> 0 | CD31: =+CONSOLIDADO!C29 -> PÁCORA | CE31: =+CE$11 -> 0 | CF31: =+CF$11 -> 0 | CG31: =+CG$11 -> 0 | CH31: =+CH$11 -> 1 | CI31: =+CI$11 -> 0 | CJ31: =+CJ$11 -> 0
B32: =+COUNTIF($M$8:M32,M32) -> 2 | C32: =SUM(P32:T32) -> 32 | D32: X | L32: 1 | M32: LA MERCED | N32: INSTITUCION EDUCATIVA MONSEÑOR ANTONIO JOSE GIRALDO GOMEZ | O32: INSTITUCION EDUCATIVA MONSEÑOR ANTONIO JOSE GIRALDO GOMEZ - SEDE PRINCIPAL | P32: 0 | Q32: 0 | R32: 0 | S32: 24 | T32: 8 | U32: =+IF($D32<>"",U$6*$P32/$T$4*VLOOKUP($M32,CÁRNICOS!$CD$13:$CJ$48,2,FALSE),U$5*$P32/$T$4*$U$1) -> 0 | V32: =+IF($D32<>"",V$6*$Q32/$T$4*VLOOKUP($M32,CÁRNICOS!$CD$13:$CJ$48,2,FALSE),V$5*$Q32/$T$4*$U$1) -> 0 | W32: =+IF($D32<>"",W$6*$R32/$T$4*VLOOKUP($M32,CÁRNICOS!$CD$13:$CJ$48,2,FALSE),W$5*$R32/$T$4*$U$1) -> 0 | X32: =+IF($D32<>"",X$6*$S32/$T$4*VLOOKUP($M32,CÁRNICOS!$CD$13:$CJ$48,2,FALSE),X$5*$S32/$T$4*$U$1) -> 0 | Y32: =+IF($D32<>"",Y$6*$T32/$T$4*VLOOKUP($M32,CÁRNICOS!$CD$13:$CJ$48,2,FALSE),Y$5*$T32/$T$4*$U$1) -> 0 | Z32: =IF($E32<>"",0,SUM(U32:Y32)) -> 0 | AA32: =+ROUNDUP(Z32/AA$4,0) -> 0 | AB32: =+IF(Z32*AA32=0,0,(ROUNDUP(Z32/AA32,3))) -> 0 | AC32: =+IF($D32<>"",AC$6*$P32/$T$4*VLOOKUP($M32,CÁRNICOS!$CD$13:$CJ$48,3,FALSE),AC$5*$P32/$T$4*$AC$1) -> 0 | AD32: =+IF($D32<>"",AD$6*$Q32/$T$4*VLOOKUP($M32,CÁRNICOS!$CD$13:$CJ$48,3,FALSE),AD$5*$Q32/$T$4*$AC$1) -> 0 | AE32: =+IF($D32<>"",AE$6*$R32/$T$4*VLOOKUP($M32,CÁRNICOS!$CD$13:$CJ$48,3,FALSE),AE$5*$R32/$T$4*$AC$1) -> 0 | AF32: =+IF($D32<>"",AF$6*$S32/$T$4*VLOOKUP($M32,CÁRNICOS!$CD$13:$CJ$48,3,FALSE),AF$5*$S32/$T$4*$AC$1) -> 0 | AG32: =+IF($D32<>"",AG$6*$T32/$T$4*VLOOKUP($M32,CÁRNICOS!$CD$13:$CJ$48,3,FALSE),AG$5*$T32/$T$4*$AC$1) -> 0 | AH32: =IF($F32<>"",0,SUM(AC32:AG32)) -> 0 | AI32: =+ROUNDUP(AH32/AI$4,0) -> 0 | AJ32: =+IF(AH32*AI32=0,0,(ROUNDUP(AH32/AI32,3))) -> 0 | AK32: =+IF($D32<>"",AK$6*$P32/$T$4*VLOOKUP($M32,CÁRNICOS!$CD$13:$CJ$48,4,FALSE),AK$5*$P32/$T$4*$AK$1) -> 0 | AL32: =+IF($D32<>"",AL$6*$Q32/$T$4*VLOOKUP($M32,CÁRNICOS!$CD$13:$CJ$48,4,FALSE),AL$5*$Q32/$T$4*$AK$1) -> 0 | AM32: =+IF($D32<>"",AM$6*$R32/$T$4*VLOOKUP($M32,CÁRNICOS!$CD$13:$CJ$48,4,FALSE),AM$5*$R32/$T$4*$AK$1) -> 0 | AN32: =+IF($D32<>"",AN$6*$S32/$T$4*VLOOKUP($M32,CÁRNICOS!$CD$13:$CJ$48,4,FALSE),AN$5*$S32/$T$4*$AK$1) -> 0 | AO32: =+IF($D32<>"",AO$6*$T32/$T$4*VLOOKUP($M32,CÁRNICOS!$CD$13:$CJ$48,4,FALSE),AO$5*$T32/$T$4*$AK$1) -> 0 | AP32: =IF($G32<>"",0,SUM(AK32:AO32)) -> 0 | AQ32: =+ROUNDUP(AP32/AQ$4,0) -> 0 | AR32: =+IF(AP32*AQ32=0,0,(ROUNDUP(AP32/AQ32,3))) -> 0 | AS32: =+IF($D32<>"",AS$6*$P32/$T$4*VLOOKUP($M32,CÁRNICOS!$CD$13:$CJ$48,5,FALSE),AS$5*$P32/$T$4*$AS$1) -> 0 | AT32: =+IF($D32<>"",AT$6*$Q32/$T$4*VLOOKUP($M32,CÁRNICOS!$CD$13:$CJ$48,5,FALSE),AT$5*$Q32/$T$4*$AS$1) -> 0 | AU32: =+IF($D32<>"",AU$6*$R32/$T$4*VLOOKUP($M32,CÁRNICOS!$CD$13:$CJ$48,5,FALSE),AU$5*$R32/$T$4*$AS$1) -> 0 | AV32: =+IF($D32<>"",AV$6*$S32/$T$4*VLOOKUP($M32,CÁRNICOS!$CD$13:$CJ$48,5,FALSE),AV$5*$S32/$T$4*$AS$1) -> 1.92 | AW32: =+IF($D32<>"",AW$6*$T32/$T$4*VLOOKUP($M32,CÁRNICOS!$CD$13:$CJ$48,5,FALSE),AW$5*$T32/$T$4*$AS$1) -> 0.8 | AX32: =IF($H32<>"",0,SUM(AS32:AW32)) -> 2.72 | AY32: =+ROUNDUP(AX32/AY$4,0) -> 1 | AZ32: =+IF(AX32*AY32=0,0,(ROUNDUP(AX32/AY32,3))) -> 2.72 | BA32: =+IF($D32<>"",BA$6*$P32/$T$4*VLOOKUP($M32,CÁRNICOS!$CD$13:$CJ$48,6,FALSE),BA$5*$P32/$T$4*$BA$1) -> 0 | BB32: =+IF($D32<>"",BB$6*$Q32/$T$4*VLOOKUP($M32,CÁRNICOS!$CD$13:$CJ$48,6,FALSE),BB$5*$Q32/$T$4*$BA$1) -> 0 | BC32: =+IF($D32<>"",BC$6*$R32/$T$4*VLOOKUP($M32,CÁRNICOS!$CD$13:$CJ$48,6,FALSE),BC$5*$R32/$T$4*$BA$1) -> 0 | BD32: =+IF($D32<>"",BD$6*$S32/$T$4*VLOOKUP($M32,CÁRNICOS!$CD$13:$CJ$48,6,FALSE),BD$5*$S32/$T$4*$BA$1) -> 0 | BE32: =+IF($D32<>"",BE$6*$T32/$T$4*VLOOKUP($M32,CÁRNICOS!$CD$13:$CJ$48,6,FALSE),BE$5*$T32/$T$4*$BA$1) -> 0 | BF32: =IF($I32<>"",0,SUM(BA32:BE32)) -> 0 | BG32: =+ROUNDUP(BF32/BG$4,0) -> 0 | BH32: =+IF(BF32*BG32=0,0,(ROUNDUP(BF32/BG32,3))) -> 0 | BI32: =+IF($D32<>"",BI$6*$P32/$T$4*VLOOKUP($M32,CÁRNICOS!$CD$13:$CJ$48,7,FALSE),BI$5*$P32/$T$4*$BI$1) -> 0 | BJ32: =+IF($D32<>"",BJ$6*$Q32/$T$4*VLOOKUP($M32,CÁRNICOS!$CD$13:$CJ$48,7,FALSE),BJ$5*$Q32/$T$4*$BI$1) -> 0 | BK32: =+IF($D32<>"",BK$6*$R32/$T$4*VLOOKUP($M32,CÁRNICOS!$CD$13:$CJ$48,7,FALSE),BK$5*$R32/$T$4*$BI$1) -> 0 | BL32: =+IF($D32<>"",BL$6*$S32/$T$4*VLOOKUP($M32,CÁRNICOS!$CD$13:$CJ$48,7,FALSE),BL$5*$S32/$T$4*$BI$1) -> 0 | BM32: =+IF($D32<>"",BM$6*$T32/$T$4*VLOOKUP($M32,CÁRNICOS!$CD$13:$CJ$48,7,FALSE),BM$5*$T32/$T$4*$BI$1) -> 0 | BN32: =IF($J32<>"",0,SUM(BI32:BM32)) -> 0 | BO32: =+ROUNDUP(BN32/BO$4,0) -> 0 | BP32: =+IF(BN32*BO32=0,0,(ROUNDUP(BN32/BO32,3))) -> 0 | BR32: =+L32 -> 1 | BS32: =+M32 -> LA MERCED | BT32: =+N32 -> INSTITUCION EDUCATIVA MONSEÑOR ANTONIO JOSE GIRALDO GOMEZ | BU32: =+O32 -> INSTITUCION EDUCATIVA MONSEÑOR ANTONIO JOSE GIRALDO GOMEZ - SEDE PRINCIPAL | BV32: =+Z32 -> 0 | BW32: =+AH32 -> 0 | BX32: =+AP32 -> 0 | BY32: =+AX32 -> 2.72 | BZ32: =+BF32 -> 0 | CA32: =+BN32 -> 0 | CD32: =+CONSOLIDADO!C30 -> SALAMINA | CE32: =+CE$11 -> 0 | CF32: =+CF$11 -> 0 | CG32: =+CG$11 -> 0 | CH32: =+CH$11 -> 1 | CI32: =+CI$11 -> 0 | CJ32: =+CJ$11 -> 0
B33: =+COUNTIF($M$8:M33,M33) -> 1 | C33: =SUM(P33:T33) -> 23 | D33: X | L33: 1 | M33: MANZANARES | N33: INSTITUCION EDUCATIVA MANZANARES | O33: CONCENTRACIÓN SAN LUIS GONZAGA | P33: 0 | Q33: 13 | R33: 10 | S33: 0 | T33: 0 | U33: =+IF($D33<>"",U$6*$P33/$T$4*VLOOKUP($M33,CÁRNICOS!$CD$13:$CJ$48,2,FALSE),U$5*$P33/$T$4*$U$1) -> 0 | V33: =+IF($D33<>"",V$6*$Q33/$T$4*VLOOKUP($M33,CÁRNICOS!$CD$13:$CJ$48,2,FALSE),V$5*$Q33/$T$4*$U$1) -> 0 | W33: =+IF($D33<>"",W$6*$R33/$T$4*VLOOKUP($M33,CÁRNICOS!$CD$13:$CJ$48,2,FALSE),W$5*$R33/$T$4*$U$1) -> 0 | X33: =+IF($D33<>"",X$6*$S33/$T$4*VLOOKUP($M33,CÁRNICOS!$CD$13:$CJ$48,2,FALSE),X$5*$S33/$T$4*$U$1) -> 0 | Y33: =+IF($D33<>"",Y$6*$T33/$T$4*VLOOKUP($M33,CÁRNICOS!$CD$13:$CJ$48,2,FALSE),Y$5*$T33/$T$4*$U$1) -> 0 | Z33: =IF($E33<>"",0,SUM(U33:Y33)) -> 0 | AA33: =+ROUNDUP(Z33/AA$4,0) -> 0 | AB33: =+IF(Z33*AA33=0,0,(ROUNDUP(Z33/AA33,3))) -> 0 | AC33: =+IF($D33<>"",AC$6*$P33/$T$4*VLOOKUP($M33,CÁRNICOS!$CD$13:$CJ$48,3,FALSE),AC$5*$P33/$T$4*$AC$1) -> 0 | AD33: =+IF($D33<>"",AD$6*$Q33/$T$4*VLOOKUP($M33,CÁRNICOS!$CD$13:$CJ$48,3,FALSE),AD$5*$Q33/$T$4*$AC$1) -> 0 | AE33: =+IF($D33<>"",AE$6*$R33/$T$4*VLOOKUP($M33,CÁRNICOS!$CD$13:$CJ$48,3,FALSE),AE$5*$R33/$T$4*$AC$1) -> 0 | AF33: =+IF($D33<>"",AF$6*$S33/$T$4*VLOOKUP($M33,CÁRNICOS!$CD$13:$CJ$48,3,FALSE),AF$5*$S33/$T$4*$AC$1) -> 0 | AG33: =+IF($D33<>"",AG$6*$T33/$T$4*VLOOKUP($M33,CÁRNICOS!$CD$13:$CJ$48,3,FALSE),AG$5*$T33/$T$4*$AC$1) -> 0 | AH33: =IF($F33<>"",0,SUM(AC33:AG33)) -> 0 | AI33: =+ROUNDUP(AH33/AI$4,0) -> 0 | AJ33: =+IF(AH33*AI33=0,0,(ROUNDUP(AH33/AI33,3))) -> 0 | AK33: =+IF($D33<>"",AK$6*$P33/$T$4*VLOOKUP($M33,CÁRNICOS!$CD$13:$CJ$48,4,FALSE),AK$5*$P33/$T$4*$AK$1) -> 0 | AL33: =+IF($D33<>"",AL$6*$Q33/$T$4*VLOOKUP($M33,CÁRNICOS!$CD$13:$CJ$48,4,FALSE),AL$5*$Q33/$T$4*$AK$1) -> 0 | AM33: =+IF($D33<>"",AM$6*$R33/$T$4*VLOOKUP($M33,CÁRNICOS!$CD$13:$CJ$48,4,FALSE),AM$5*$R33/$T$4*$AK$1) -> 0 | AN33: =+IF($D33<>"",AN$6*$S33/$T$4*VLOOKUP($M33,CÁRNICOS!$CD$13:$CJ$48,4,FALSE),AN$5*$S33/$T$4*$AK$1) -> 0 | AO33: =+IF($D33<>"",AO$6*$T33/$T$4*VLOOKUP($M33,CÁRNICOS!$CD$13:$CJ$48,4,FALSE),AO$5*$T33/$T$4*$AK$1) -> 0 | AP33: =IF($G33<>"",0,SUM(AK33:AO33)) -> 0 | AQ33: =+ROUNDUP(AP33/AQ$4,0) -> 0 | AR33: =+IF(AP33*AQ33=0,0,(ROUNDUP(AP33/AQ33,3))) -> 0 | AS33: =+IF($D33<>"",AS$6*$P33/$T$4*VLOOKUP($M33,CÁRNICOS!$CD$13:$CJ$48,5,FALSE),AS$5*$P33/$T$4*$AS$1) -> 0 | AT33: =+IF($D33<>"",AT$6*$Q33/$T$4*VLOOKUP($M33,CÁRNICOS!$CD$13:$CJ$48,5,FALSE),AT$5*$Q33/$T$4*$AS$1) -> 0.702 | AU33: =+IF($D33<>"",AU$6*$R33/$T$4*VLOOKUP($M33,CÁRNICOS!$CD$13:$CJ$48,5,FALSE),AU$5*$R33/$T$4*$AS$1) -> 0.65 | AV33: =+IF($D33<>"",AV$6*$S33/$T$4*VLOOKUP($M33,CÁRNICOS!$CD$13:$CJ$48,5,FALSE),AV$5*$S33/$T$4*$AS$1) -> 0 | AW33: =+IF($D33<>"",AW$6*$T33/$T$4*VLOOKUP($M33,CÁRNICOS!$CD$13:$CJ$48,5,FALSE),AW$5*$T33/$T$4*$AS$1) -> 0 | AX33: =IF($H33<>"",0,SUM(AS33:AW33)) -> 1.352 | AY33: =+ROUNDUP(AX33/AY$4,0) -> 1 | AZ33: =+IF(AX33*AY33=0,0,(ROUNDUP(AX33/AY33,3))) -> 1.352 | BA33: =+IF($D33<>"",BA$6*$P33/$T$4*VLOOKUP($M33,CÁRNICOS!$CD$13:$CJ$48,6,FALSE),BA$5*$P33/$T$4*$BA$1) -> 0 | BB33: =+IF($D33<>"",BB$6*$Q33/$T$4*VLOOKUP($M33,CÁRNICOS!$CD$13:$CJ$48,6,FALSE),BB$5*$Q33/$T$4*$BA$1) -> 0 | BC33: =+IF($D33<>"",BC$6*$R33/$T$4*VLOOKUP($M33,CÁRNICOS!$CD$13:$CJ$48,6,FALSE),BC$5*$R33/$T$4*$BA$1) -> 0 | BD33: =+IF($D33<>"",BD$6*$S33/$T$4*VLOOKUP($M33,CÁRNICOS!$CD$13:$CJ$48,6,FALSE),BD$5*$S33/$T$4*$BA$1) -> 0 | BE33: =+IF($D33<>"",BE$6*$T33/$T$4*VLOOKUP($M33,CÁRNICOS!$CD$13:$CJ$48,6,FALSE),BE$5*$T33/$T$4*$BA$1) -> 0 | BF33: =IF($I33<>"",0,SUM(BA33:BE33)) -> 0 | BG33: =+ROUNDUP(BF33/BG$4,0) -> 0 | BH33: =+IF(BF33*BG33=0,0,(ROUNDUP(BF33/BG33,3))) -> 0 | BI33: =+IF($D33<>"",BI$6*$P33/$T$4*VLOOKUP($M33,CÁRNICOS!$CD$13:$CJ$48,7,FALSE),BI$5*$P33/$T$4*$BI$1) -> 0 | BJ33: =+IF($D33<>"",BJ$6*$Q33/$T$4*VLOOKUP($M33,CÁRNICOS!$CD$13:$CJ$48,7,FALSE),BJ$5*$Q33/$T$4*$BI$1) -> 0 | BK33: =+IF($D33<>"",BK$6*$R33/$T$4*VLOOKUP($M33,CÁRNICOS!$CD$13:$CJ$48,7,FALSE),BK$5*$R33/$T$4*$BI$1) -> 0 | BL33: =+IF($D33<>"",BL$6*$S33/$T$4*VLOOKUP($M33,CÁRNICOS!$CD$13:$CJ$48,7,FALSE),BL$5*$S33/$T$4*$BI$1) -> 0 | BM33: =+IF($D33<>"",BM$6*$T33/$T$4*VLOOKUP($M33,CÁRNICOS!$CD$13:$CJ$48,7,FALSE),BM$5*$T33/$T$4*$BI$1) -> 0 | BN33: =IF($J33<>"",0,SUM(BI33:BM33)) -> 0 | BO33: =+ROUNDUP(BN33/BO$4,0) -> 0 | BP33: =+IF(BN33*BO33=0,0,(ROUNDUP(BN33/BO33,3))) -> 0 | BR33: =+L33 -> 1 | BS33: =+M33 -> MANZANARES | BT33: =+N33 -> INSTITUCION EDUCATIVA MANZANARES | BU33: =+O33 -> CONCENTRACIÓN SAN LUIS GONZAGA | BV33: =+Z33 -> 0 | BW33: =+AH33 -> 0 | BX33: =+AP33 -> 0 | BY33: =+AX33 -> 1.352 | BZ33: =+BF33 -> 0 | CA33: =+BN33 -> 0 | CD33: =+CONSOLIDADO!C31 -> ARANZAZU | CE33: =+CE$11 -> 0 | CF33: =+CF$11 -> 0 | CG33: =+CG$11 -> 0 | CH33: =+CH$11 -> 1 | CI33: =+CI$11 -> 0 | CJ33: =+CJ$11 -> 0
B34: =+COUNTIF($M$8:M34,M34) -> 2 | C34: =SUM(P34:T34) -> 14 | D34: X | L34: 6 | M34: MANZANARES | N34: INSTITUCION EDUCATIVA GREGORIO GUTIERREZ GONZALEZ | O34: INSTITUCION EDUCATIVA GREGORIO GUTIERREZ GONZALEZ - SEDE PRINCIPAL | P34: 8 | Q34: 0 | R34: 0 | S34: 3 | T34: 3 | U34: =+IF($D34<>"",U$6*$P34/$T$4*VLOOKUP($M34,CÁRNICOS!$CD$13:$CJ$48,2,FALSE),U$5*$P34/$T$4*$U$1) -> 0 | V34: =+IF($D34<>"",V$6*$Q34/$T$4*VLOOKUP($M34,CÁRNICOS!$CD$13:$CJ$48,2,FALSE),V$5*$Q34/$T$4*$U$1) -> 0 | W34: =+IF($D34<>"",W$6*$R34/$T$4*VLOOKUP($M34,CÁRNICOS!$CD$13:$CJ$48,2,FALSE),W$5*$R34/$T$4*$U$1) -> 0 | X34: =+IF($D34<>"",X$6*$S34/$T$4*VLOOKUP($M34,CÁRNICOS!$CD$13:$CJ$48,2,FALSE),X$5*$S34/$T$4*$U$1) -> 0 | Y34: =+IF($D34<>"",Y$6*$T34/$T$4*VLOOKUP($M34,CÁRNICOS!$CD$13:$CJ$48,2,FALSE),Y$5*$T34/$T$4*$U$1) -> 0 | Z34: =IF($E34<>"",0,SUM(U34:Y34)) -> 0 | AA34: =+ROUNDUP(Z34/AA$4,0) -> 0 | AB34: =+IF(Z34*AA34=0,0,(ROUNDUP(Z34/AA34,3))) -> 0 | AC34: =+IF($D34<>"",AC$6*$P34/$T$4*VLOOKUP($M34,CÁRNICOS!$CD$13:$CJ$48,3,FALSE),AC$5*$P34/$T$4*$AC$1) -> 0 | AD34: =+IF($D34<>"",AD$6*$Q34/$T$4*VLOOKUP($M34,CÁRNICOS!$CD$13:$CJ$48,3,FALSE),AD$5*$Q34/$T$4*$AC$1) -> 0 | AE34: =+IF($D34<>"",AE$6*$R34/$T$4*VLOOKUP($M34,CÁRNICOS!$CD$13:$CJ$48,3,FALSE),AE$5*$R34/$T$4*$AC$1) -> 0 | AF34: =+IF($D34<>"",AF$6*$S34/$T$4*VLOOKUP($M34,CÁRNICOS!$CD$13:$CJ$48,3,FALSE),AF$5*$S34/$T$4*$AC$1) -> 0 | AG34: =+IF($D34<>"",AG$6*$T34/$T$4*VLOOKUP($M34,CÁRNICOS!$CD$13:$CJ$48,3,FALSE),AG$5*$T34/$T$4*$AC$1) -> 0 | AH34: =IF($F34<>"",0,SUM(AC34:AG34)) -> 0 | AI34: =+ROUNDUP(AH34/AI$4,0) -> 0 | AJ34: =+IF(AH34*AI34=0,0,(ROUNDUP(AH34/AI34,3))) -> 0 | AK34: =+IF($D34<>"",AK$6*$P34/$T$4*VLOOKUP($M34,CÁRNICOS!$CD$13:$CJ$48,4,FALSE),AK$5*$P34/$T$4*$AK$1) -> 0 | AL34: =+IF($D34<>"",AL$6*$Q34/$T$4*VLOOKUP($M34,CÁRNICOS!$CD$13:$CJ$48,4,FALSE),AL$5*$Q34/$T$4*$AK$1) -> 0 | AM34: =+IF($D34<>"",AM$6*$R34/$T$4*VLOOKUP($M34,CÁRNICOS!$CD$13:$CJ$48,4,FALSE),AM$5*$R34/$T$4*$AK$1) -> 0 | AN34: =+IF($D34<>"",AN$6*$S34/$T$4*VLOOKUP($M34,CÁRNICOS!$CD$13:$CJ$48,4,FALSE),AN$5*$S34/$T$4*$AK$1) -> 0 | AO34: =+IF($D34<>"",AO$6*$T34/$T$4*VLOOKUP($M34,CÁRNICOS!$CD$13:$CJ$48,4,FALSE),AO$5*$T34/$T$4*$AK$1) -> 0 | AP34: =IF($G34<>"",0,SUM(AK34:AO34)) -> 0 | AQ34: =+ROUNDUP(AP34/AQ$4,0) -> 0 | AR34: =+IF(AP34*AQ34=0,0,(ROUNDUP(AP34/AQ34,3))) -> 0 | AS34: =+IF($D34<>"",AS$6*$P34/$T$4*VLOOKUP($M34,CÁRNICOS!$CD$13:$CJ$48,5,FALSE),AS$5*$P34/$T$4*$AS$1) -> 0.432 | AT34: =+IF($D34<>"",AT$6*$Q34/$T$4*VLOOKUP($M34,CÁRNICOS!$CD$13:$CJ$48,5,FALSE),AT$5*$Q34/$T$4*$AS$1) -> 0 | AU34: =+IF($D34<>"",AU$6*$R34/$T$4*VLOOKUP($M34,CÁRNICOS!$CD$13:$CJ$48,5,FALSE),AU$5*$R34/$T$4*$AS$1) -> 0 | AV34: =+IF($D34<>"",AV$6*$S34/$T$4*VLOOKUP($M34,CÁRNICOS!$CD$13:$CJ$48,5,FALSE),AV$5*$S34/$T$4*$AS$1) -> 0.24 | AW34: =+IF($D34<>"",AW$6*$T34/$T$4*VLOOKUP($M34,CÁRNICOS!$CD$13:$CJ$48,5,FALSE),AW$5*$T34/$T$4*$AS$1) -> 0.3 | AX34: =IF($H34<>"",0,SUM(AS34:AW34)) -> 0.972 | AY34: =+ROUNDUP(AX34/AY$4,0) -> 1 | AZ34: =+IF(AX34*AY34=0,0,(ROUNDUP(AX34/AY34,3))) -> 0.972 | BA34: =+IF($D34<>"",BA$6*$P34/$T$4*VLOOKUP($M34,CÁRNICOS!$CD$13:$CJ$48,6,FALSE),BA$5*$P34/$T$4*$BA$1) -> 0 | BB34: =+IF($D34<>"",BB$6*$Q34/$T$4*VLOOKUP($M34,CÁRNICOS!$CD$13:$CJ$48,6,FALSE),BB$5*$Q34/$T$4*$BA$1) -> 0 | BC34: =+IF($D34<>"",BC$6*$R34/$T$4*VLOOKUP($M34,CÁRNICOS!$CD$13:$CJ$48,6,FALSE),BC$5*$R34/$T$4*$BA$1) -> 0 | BD34: =+IF($D34<>"",BD$6*$S34/$T$4*VLOOKUP($M34,CÁRNICOS!$CD$13:$CJ$48,6,FALSE),BD$5*$S34/$T$4*$BA$1) -> 0 | BE34: =+IF($D34<>"",BE$6*$T34/$T$4*VLOOKUP($M34,CÁRNICOS!$CD$13:$CJ$48,6,FALSE),BE$5*$T34/$T$4*$BA$1) -> 0 | BF34: =IF($I34<>"",0,SUM(BA34:BE34)) -> 0 | BG34: =+ROUNDUP(BF34/BG$4,0) -> 0 | BH34: =+IF(BF34*BG34=0,0,(ROUNDUP(BF34/BG34,3))) -> 0 | BI34: =+IF($D34<>"",BI$6*$P34/$T$4*VLOOKUP($M34,CÁRNICOS!$CD$13:$CJ$48,7,FALSE),BI$5*$P34/$T$4*$BI$1) -> 0 | BJ34: =+IF($D34<>"",BJ$6*$Q34/$T$4*VLOOKUP($M34,CÁRNICOS!$CD$13:$CJ$48,7,FALSE),BJ$5*$Q34/$T$4*$BI$1) -> 0 | BK34: =+IF($D34<>"",BK$6*$R34/$T$4*VLOOKUP($M34,CÁRNICOS!$CD$13:$CJ$48,7,FALSE),BK$5*$R34/$T$4*$BI$1) -> 0 | BL34: =+IF($D34<>"",BL$6*$S34/$T$4*VLOOKUP($M34,CÁRNICOS!$CD$13:$CJ$48,7,FALSE),BL$5*$S34/$T$4*$BI$1) -> 0 | BM34: =+IF($D34<>"",BM$6*$T34/$T$4*VLOOKUP($M34,CÁRNICOS!$CD$13:$CJ$48,7,FALSE),BM$5*$T34/$T$4*$BI$1) -> 0 | BN34: =IF($J34<>"",0,SUM(BI34:BM34)) -> 0 | BO34: =+ROUNDUP(BN34/BO$4,0) -> 0 | BP34: =+IF(BN34*BO34=0,0,(ROUNDUP(BN34/BO34,3))) -> 0 | BR34: =+L34 -> 6 | BS34: =+M34 -> MANZANARES | BT34: =+N34 -> INSTITUCION EDUCATIVA GREGORIO GUTIERREZ GONZALEZ | BU34: =+O34 -> INSTITUCION EDUCATIVA GREGORIO GUTIERREZ GONZALEZ - SEDE PRINCIPAL | BV34: =+Z34 -> 0 | BW34: =+AH34 -> 0 | BX34: =+AP34 -> 0 | BY34: =+AX34 -> 0.972 | BZ34: =+BF34 -> 0 | CA34: =+BN34 -> 0 | CD34: =+CONSOLIDADO!C32 -> TOTAL NORTE | CE34: =+CE$11 -> 0 | CF34: =+CF$11 -> 0 | CG34: =+CG$11 -> 0 | CH34: =+CH$11 -> 1 | CI34: =+CI$11 -> 0 | CJ34: =+CJ$11 -> 0
B35: =+COUNTIF($M$8:M35,M35) -> 1 | C35: =SUM(P35:T35) -> 206 | D35: X | L35: 1 | M35: MARMATO | N35: INSTITUCION EDUCATIVA EL LLANO | O35: INSTITUCION EDUCATIVA EL LLANO - SEDE PRINCIPAL | P35: 66 | Q35: 140 | R35: 0 | S35: 0 | T35: 0 | U35: =+IF($D35<>"",U$6*$P35/$T$4*VLOOKUP($M35,CÁRNICOS!$CD$13:$CJ$48,2,FALSE),U$5*$P35/$T$4*$U$1) -> 0 | V35: =+IF($D35<>"",V$6*$Q35/$T$4*VLOOKUP($M35,CÁRNICOS!$CD$13:$CJ$48,2,FALSE),V$5*$Q35/$T$4*$U$1) -> 0 | W35: =+IF($D35<>"",W$6*$R35/$T$4*VLOOKUP($M35,CÁRNICOS!$CD$13:$CJ$48,2,FALSE),W$5*$R35/$T$4*$U$1) -> 0 | X35: =+IF($D35<>"",X$6*$S35/$T$4*VLOOKUP($M35,CÁRNICOS!$CD$13:$CJ$48,2,FALSE),X$5*$S35/$T$4*$U$1) -> 0 | Y35: =+IF($D35<>"",Y$6*$T35/$T$4*VLOOKUP($M35,CÁRNICOS!$CD$13:$CJ$48,2,FALSE),Y$5*$T35/$T$4*$U$1) -> 0 | Z35: =IF($E35<>"",0,SUM(U35:Y35)) -> 0 | AA35: =+ROUNDUP(Z35/AA$4,0) -> 0 | AB35: =+IF(Z35*AA35=0,0,(ROUNDUP(Z35/AA35,3))) -> 0 | AC35: =+IF($D35<>"",AC$6*$P35/$T$4*VLOOKUP($M35,CÁRNICOS!$CD$13:$CJ$48,3,FALSE),AC$5*$P35/$T$4*$AC$1) -> 0 | AD35: =+IF($D35<>"",AD$6*$Q35/$T$4*VLOOKUP($M35,CÁRNICOS!$CD$13:$CJ$48,3,FALSE),AD$5*$Q35/$T$4*$AC$1) -> 0 | AE35: =+IF($D35<>"",AE$6*$R35/$T$4*VLOOKUP($M35,CÁRNICOS!$CD$13:$CJ$48,3,FALSE),AE$5*$R35/$T$4*$AC$1) -> 0 | AF35: =+IF($D35<>"",AF$6*$S35/$T$4*VLOOKUP($M35,CÁRNICOS!$CD$13:$CJ$48,3,FALSE),AF$5*$S35/$T$4*$AC$1) -> 0 | AG35: =+IF($D35<>"",AG$6*$T35/$T$4*VLOOKUP($M35,CÁRNICOS!$CD$13:$CJ$48,3,FALSE),AG$5*$T35/$T$4*$AC$1) -> 0 | AH35: =IF($F35<>"",0,SUM(AC35:AG35)) -> 0 | AI35: =+ROUNDUP(AH35/AI$4,0) -> 0 | AJ35: =+IF(AH35*AI35=0,0,(ROUNDUP(AH35/AI35,3))) -> 0 | AK35: =+IF($D35<>"",AK$6*$P35/$T$4*VLOOKUP($M35,CÁRNICOS!$CD$13:$CJ$48,4,FALSE),AK$5*$P35/$T$4*$AK$1) -> 0 | AL35: =+IF($D35<>"",AL$6*$Q35/$T$4*VLOOKUP($M35,CÁRNICOS!$CD$13:$CJ$48,4,FALSE),AL$5*$Q35/$T$4*$AK$1) -> 0 | AM35: =+IF($D35<>"",AM$6*$R35/$T$4*VLOOKUP($M35,CÁRNICOS!$CD$13:$CJ$48,4,FALSE),AM$5*$R35/$T$4*$AK$1) -> 0 | AN35: =+IF($D35<>"",AN$6*$S35/$T$4*VLOOKUP($M35,CÁRNICOS!$CD$13:$CJ$48,4,FALSE),AN$5*$S35/$T$4*$AK$1) -> 0 | AO35: =+IF($D35<>"",AO$6*$T35/$T$4*VLOOKUP($M35,CÁRNICOS!$CD$13:$CJ$48,4,FALSE),AO$5*$T35/$T$4*$AK$1) -> 0 | AP35: =IF($G35<>"",0,SUM(AK35:AO35)) -> 0 | AQ35: =+ROUNDUP(AP35/AQ$4,0) -> 0 | AR35: =+IF(AP35*AQ35=0,0,(ROUNDUP(AP35/AQ35,3))) -> 0 | AS35: =+IF($D35<>"",AS$6*$P35/$T$4*VLOOKUP($M35,CÁRNICOS!$CD$13:$CJ$48,5,FALSE),AS$5*$P35/$T$4*$AS$1) -> 3.564 | AT35: =+IF($D35<>"",AT$6*$Q35/$T$4*VLOOKUP($M35,CÁRNICOS!$CD$13:$CJ$48,5,FALSE),AT$5*$Q35/$T$4*$AS$1) -> 7.56 | AU35: =+IF($D35<>"",AU$6*$R35/$T$4*VLOOKUP($M35,CÁRNICOS!$CD$13:$CJ$48,5,FALSE),AU$5*$R35/$T$4*$AS$1) -> 0 | AV35: =+IF($D35<>"",AV$6*$S35/$T$4*VLOOKUP($M35,CÁRNICOS!$CD$13:$CJ$48,5,FALSE),AV$5*$S35/$T$4*$AS$1) -> 0 | AW35: =+IF($D35<>"",AW$6*$T35/$T$4*VLOOKUP($M35,CÁRNICOS!$CD$13:$CJ$48,5,FALSE),AW$5*$T35/$T$4*$AS$1) -> 0 | AX35: =IF($H35<>"",0,SUM(AS35:AW35)) -> 11.124 | AY35: =+ROUNDUP(AX35/AY$4,0) -> 2 | AZ35: =+IF(AX35*AY35=0,0,(ROUNDUP(AX35/AY35,3))) -> 5.562 | BA35: =+IF($D35<>"",BA$6*$P35/$T$4*VLOOKUP($M35,CÁRNICOS!$CD$13:$CJ$48,6,FALSE),BA$5*$P35/$T$4*$BA$1) -> 0 | BB35: =+IF($D35<>"",BB$6*$Q35/$T$4*VLOOKUP($M35,CÁRNICOS!$CD$13:$CJ$48,6,FALSE),BB$5*$Q35/$T$4*$BA$1) -> 0 | BC35: =+IF($D35<>"",BC$6*$R35/$T$4*VLOOKUP($M35,CÁRNICOS!$CD$13:$CJ$48,6,FALSE),BC$5*$R35/$T$4*$BA$1) -> 0 | BD35: =+IF($D35<>"",BD$6*$S35/$T$4*VLOOKUP($M35,CÁRNICOS!$CD$13:$CJ$48,6,FALSE),BD$5*$S35/$T$4*$BA$1) -> 0 | BE35: =+IF($D35<>"",BE$6*$T35/$T$4*VLOOKUP($M35,CÁRNICOS!$CD$13:$CJ$48,6,FALSE),BE$5*$T35/$T$4*$BA$1) -> 0 | BF35: =IF($I35<>"",0,SUM(BA35:BE35)) -> 0 | BG35: =+ROUNDUP(BF35/BG$4,0) -> 0 | BH35: =+IF(BF35*BG35=0,0,(ROUNDUP(BF35/BG35,3))) -> 0 | BI35: =+IF($D35<>"",BI$6*$P35/$T$4*VLOOKUP($M35,CÁRNICOS!$CD$13:$CJ$48,7,FALSE),BI$5*$P35/$T$4*$BI$1) -> 0 | BJ35: =+IF($D35<>"",BJ$6*$Q35/$T$4*VLOOKUP($M35,CÁRNICOS!$CD$13:$CJ$48,7,FALSE),BJ$5*$Q35/$T$4*$BI$1) -> 0 | BK35: =+IF($D35<>"",BK$6*$R35/$T$4*VLOOKUP($M35,CÁRNICOS!$CD$13:$CJ$48,7,FALSE),BK$5*$R35/$T$4*$BI$1) -> 0 | BL35: =+IF($D35<>"",BL$6*$S35/$T$4*VLOOKUP($M35,CÁRNICOS!$CD$13:$CJ$48,7,FALSE),BL$5*$S35/$T$4*$BI$1) -> 0 | BM35: =+IF($D35<>"",BM$6*$T35/$T$4*VLOOKUP($M35,CÁRNICOS!$CD$13:$CJ$48,7,FALSE),BM$5*$T35/$T$4*$BI$1) -> 0 | BN35: =IF($J35<>"",0,SUM(BI35:BM35)) -> 0 | BO35: =+ROUNDUP(BN35/BO$4,0) -> 0 | BP35: =+IF(BN35*BO35=0,0,(ROUNDUP(BN35/BO35,3))) -> 0 | BR35: =+L35 -> 1 | BS35: =+M35 -> MARMATO | BT35: =+N35 -> INSTITUCION EDUCATIVA EL LLANO | BU35: =+O35 -> INSTITUCION EDUCATIVA EL LLANO - SEDE PRINCIPAL | BV35: =+Z35 -> 0 | BW35: =+AH35 -> 0 | BX35: =+AP35 -> 0 | BY35: =+AX35 -> 11.124 | BZ35: =+BF35 -> 0 | CA35: =+BN35 -> 0 | CD35: =+CONSOLIDADO!C33 -> ANSERMA | CE35: =+CE$11 -> 0 | CF35: =+CF$11 -> 0 | CG35: =+CG$11 -> 0 | CH35: =+CH$11 -> 1 | CI35: =+CI$11 -> 0 | CJ35: =+CJ$11 -> 0
B36: =+COUNTIF($M$8:M36,M36) -> 2 | C36: =SUM(P36:T36) -> 61 | D36: X | L36: 1 | M36: MARMATO | N36: INSTITUCION EDUCATIVA MARMATO | O36: ESCUELA MAXIMILIANO GRILLO | P36: 0 | Q36: 51 | R36: 10 | S36: 0 | T36: 0 | U36: =+IF($D36<>"",U$6*$P36/$T$4*VLOOKUP($M36,CÁRNICOS!$CD$13:$CJ$48,2,FALSE),U$5*$P36/$T$4*$U$1) -> 0 | V36: =+IF($D36<>"",V$6*$Q36/$T$4*VLOOKUP($M36,CÁRNICOS!$CD$13:$CJ$48,2,FALSE),V$5*$Q36/$T$4*$U$1) -> 0 | W36: =+IF($D36<>"",W$6*$R36/$T$4*VLOOKUP($M36,CÁRNICOS!$CD$13:$CJ$48,2,FALSE),W$5*$R36/$T$4*$U$1) -> 0 | X36: =+IF($D36<>"",X$6*$S36/$T$4*VLOOKUP($M36,CÁRNICOS!$CD$13:$CJ$48,2,FALSE),X$5*$S36/$T$4*$U$1) -> 0 | Y36: =+IF($D36<>"",Y$6*$T36/$T$4*VLOOKUP($M36,CÁRNICOS!$CD$13:$CJ$48,2,FALSE),Y$5*$T36/$T$4*$U$1) -> 0 | Z36: =IF($E36<>"",0,SUM(U36:Y36)) -> 0 | AA36: =+ROUNDUP(Z36/AA$4,0) -> 0 | AB36: =+IF(Z36*AA36=0,0,(ROUNDUP(Z36/AA36,3))) -> 0 | AC36: =+IF($D36<>"",AC$6*$P36/$T$4*VLOOKUP($M36,CÁRNICOS!$CD$13:$CJ$48,3,FALSE),AC$5*$P36/$T$4*$AC$1) -> 0 | AD36: =+IF($D36<>"",AD$6*$Q36/$T$4*VLOOKUP($M36,CÁRNICOS!$CD$13:$CJ$48,3,FALSE),AD$5*$Q36/$T$4*$AC$1) -> 0 | AE36: =+IF($D36<>"",AE$6*$R36/$T$4*VLOOKUP($M36,CÁRNICOS!$CD$13:$CJ$48,3,FALSE),AE$5*$R36/$T$4*$AC$1) -> 0 | AF36: =+IF($D36<>"",AF$6*$S36/$T$4*VLOOKUP($M36,CÁRNICOS!$CD$13:$CJ$48,3,FALSE),AF$5*$S36/$T$4*$AC$1) -> 0 | AG36: =+IF($D36<>"",AG$6*$T36/$T$4*VLOOKUP($M36,CÁRNICOS!$CD$13:$CJ$48,3,FALSE),AG$5*$T36/$T$4*$AC$1) -> 0 | AH36: =IF($F36<>"",0,SUM(AC36:AG36)) -> 0 | AI36: =+ROUNDUP(AH36/AI$4,0) -> 0 | AJ36: =+IF(AH36*AI36=0,0,(ROUNDUP(AH36/AI36,3))) -> 0 | AK36: =+IF($D36<>"",AK$6*$P36/$T$4*VLOOKUP($M36,CÁRNICOS!$CD$13:$CJ$48,4,FALSE),AK$5*$P36/$T$4*$AK$1) -> 0 | AL36: =+IF($D36<>"",AL$6*$Q36/$T$4*VLOOKUP($M36,CÁRNICOS!$CD$13:$CJ$48,4,FALSE),AL$5*$Q36/$T$4*$AK$1) -> 0 | AM36: =+IF($D36<>"",AM$6*$R36/$T$4*VLOOKUP($M36,CÁRNICOS!$CD$13:$CJ$48,4,FALSE),AM$5*$R36/$T$4*$AK$1) -> 0 | AN36: =+IF($D36<>"",AN$6*$S36/$T$4*VLOOKUP($M36,CÁRNICOS!$CD$13:$CJ$48,4,FALSE),AN$5*$S36/$T$4*$AK$1) -> 0 | AO36: =+IF($D36<>"",AO$6*$T36/$T$4*VLOOKUP($M36,CÁRNICOS!$CD$13:$CJ$48,4,FALSE),AO$5*$T36/$T$4*$AK$1) -> 0 | AP36: =IF($G36<>"",0,SUM(AK36:AO36)) -> 0 | AQ36: =+ROUNDUP(AP36/AQ$4,0) -> 0 | AR36: =+IF(AP36*AQ36=0,0,(ROUNDUP(AP36/AQ36,3))) -> 0 | AS36: =+IF($D36<>"",AS$6*$P36/$T$4*VLOOKUP($M36,CÁRNICOS!$CD$13:$CJ$48,5,FALSE),AS$5*$P36/$T$4*$AS$1) -> 0 | AT36: =+IF($D36<>"",AT$6*$Q36/$T$4*VLOOKUP($M36,CÁRNICOS!$CD$13:$CJ$48,5,FALSE),AT$5*$Q36/$T$4*$AS$1) -> 2.754 | AU36: =+IF($D36<>"",AU$6*$R36/$T$4*VLOOKUP($M36,CÁRNICOS!$CD$13:$CJ$48,5,FALSE),AU$5*$R36/$T$4*$AS$1) -> 0.65 | AV36: =+IF($D36<>"",AV$6*$S36/$T$4*VLOOKUP($M36,CÁRNICOS!$CD$13:$CJ$48,5,FALSE),AV$5*$S36/$T$4*$AS$1) -> 0 | AW36: =+IF($D36<>"",AW$6*$T36/$T$4*VLOOKUP($M36,CÁRNICOS!$CD$13:$CJ$48,5,FALSE),AW$5*$T36/$T$4*$AS$1) -> 0 | AX36: =IF($H36<>"",0,SUM(AS36:AW36)) -> 3.404 | AY36: =+ROUNDUP(AX36/AY$4,0) -> 1 | AZ36: =+IF(AX36*AY36=0,0,(ROUNDUP(AX36/AY36,3))) -> 3.404 | BA36: =+IF($D36<>"",BA$6*$P36/$T$4*VLOOKUP($M36,CÁRNICOS!$CD$13:$CJ$48,6,FALSE),BA$5*$P36/$T$4*$BA$1) -> 0 | BB36: =+IF($D36<>"",BB$6*$Q36/$T$4*VLOOKUP($M36,CÁRNICOS!$CD$13:$CJ$48,6,FALSE),BB$5*$Q36/$T$4*$BA$1) -> 0 | BC36: =+IF($D36<>"",BC$6*$R36/$T$4*VLOOKUP($M36,CÁRNICOS!$CD$13:$CJ$48,6,FALSE),BC$5*$R36/$T$4*$BA$1) -> 0 | BD36: =+IF($D36<>"",BD$6*$S36/$T$4*VLOOKUP($M36,CÁRNICOS!$CD$13:$CJ$48,6,FALSE),BD$5*$S36/$T$4*$BA$1) -> 0 | BE36: =+IF($D36<>"",BE$6*$T36/$T$4*VLOOKUP($M36,CÁRNICOS!$CD$13:$CJ$48,6,FALSE),BE$5*$T36/$T$4*$BA$1) -> 0 | BF36: =IF($I36<>"",0,SUM(BA36:BE36)) -> 0 | BG36: =+ROUNDUP(BF36/BG$4,0) -> 0 | BH36: =+IF(BF36*BG36=0,0,(ROUNDUP(BF36/BG36,3))) -> 0 | BI36: =+IF($D36<>"",BI$6*$P36/$T$4*VLOOKUP($M36,CÁRNICOS!$CD$13:$CJ$48,7,FALSE),BI$5*$P36/$T$4*$BI$1) -> 0 | BJ36: =+IF($D36<>"",BJ$6*$Q36/$T$4*VLOOKUP($M36,CÁRNICOS!$CD$13:$CJ$48,7,FALSE),BJ$5*$Q36/$T$4*$BI$1) -> 0 | BK36: =+IF($D36<>"",BK$6*$R36/$T$4*VLOOKUP($M36,CÁRNICOS!$CD$13:$CJ$48,7,FALSE),BK$5*$R36/$T$4*$BI$1) -> 0 | BL36: =+IF($D36<>"",BL$6*$S36/$T$4*VLOOKUP($M36,CÁRNICOS!$CD$13:$CJ$48,7,FALSE),BL$5*$S36/$T$4*$BI$1) -> 0 | BM36: =+IF($D36<>"",BM$6*$T36/$T$4*VLOOKUP($M36,CÁRNICOS!$CD$13:$CJ$48,7,FALSE),BM$5*$T36/$T$4*$BI$1) -> 0 | BN36: =IF($J36<>"",0,SUM(BI36:BM36)) -> 0 | BO36: =+ROUNDUP(BN36/BO$4,0) -> 0 | BP36: =+IF(BN36*BO36=0,0,(ROUNDUP(BN36/BO36,3))) -> 0 | BR36: =+L36 -> 1 | BS36: =+M36 -> MARMATO | BT36: =+N36 -> INSTITUCION EDUCATIVA MARMATO | BU36: =+O36 -> ESCUELA MAXIMILIANO GRILLO | BV36: =+Z36 -> 0 | BW36: =+AH36 -> 0 | BX36: =+AP36 -> 0 | BY36: =+AX36 -> 3.404 | BZ36: =+BF36 -> 0 | CA36: =+BN36 -> 0 | CD36: =+CONSOLIDADO!C34 -> BELALCÁZAR | CE36: =+CE$11 -> 0 | CF36: =+CF$11 -> 0 | CG36: =+CG$11 -> 0 | CH36: =+CH$11 -> 1 | CI36: =+CI$11 -> 0 | CJ36: =+CJ$11 -> 0
B37: =+COUNTIF($M$8:M37,M37) -> 3 | C37: =SUM(P37:T37) -> 45 | D37: X | L37: 4 SUPIA | M37: MARMATO | N37: INSTITUCION EDUCATIVA GENERAL RAMON MARIN | O37: ESCUELA JOSE ANTONIO GALAN | P37: 18 | Q37: 24 | R37: 3 | S37: 0 | T37: 0 | U37: =+IF($D37<>"",U$6*$P37/$T$4*VLOOKUP($M37,CÁRNICOS!$CD$13:$CJ$48,2,FALSE),U$5*$P37/$T$4*$U$1) -> 0 | V37: =+IF($D37<>"",V$6*$Q37/$T$4*VLOOKUP($M37,CÁRNICOS!$CD$13:$CJ$48,2,FALSE),V$5*$Q37/$T$4*$U$1) -> 0 | W37: =+IF($D37<>"",W$6*$R37/$T$4*VLOOKUP($M37,CÁRNICOS!$CD$13:$CJ$48,2,FALSE),W$5*$R37/$T$4*$U$1) -> 0 | X37: =+IF($D37<>"",X$6*$S37/$T$4*VLOOKUP($M37,CÁRNICOS!$CD$13:$CJ$48,2,FALSE),X$5*$S37/$T$4*$U$1) -> 0 | Y37: =+IF($D37<>"",Y$6*$T37/$T$4*VLOOKUP($M37,CÁRNICOS!$CD$13:$CJ$48,2,FALSE),Y$5*$T37/$T$4*$U$1) -> 0 | Z37: =IF($E37<>"",0,SUM(U37:Y37)) -> 0 | AA37: =+ROUNDUP(Z37/AA$4,0) -> 0 | AB37: =+IF(Z37*AA37=0,0,(ROUNDUP(Z37/AA37,3))) -> 0 | AC37: =+IF($D37<>"",AC$6*$P37/$T$4*VLOOKUP($M37,CÁRNICOS!$CD$13:$CJ$48,3,FALSE),AC$5*$P37/$T$4*$AC$1) -> 0 | AD37: =+IF($D37<>"",AD$6*$Q37/$T$4*VLOOKUP($M37,CÁRNICOS!$CD$13:$CJ$48,3,FALSE),AD$5*$Q37/$T$4*$AC$1) -> 0 | AE37: =+IF($D37<>"",AE$6*$R37/$T$4*VLOOKUP($M37,CÁRNICOS!$CD$13:$CJ$48,3,FALSE),AE$5*$R37/$T$4*$AC$1) -> 0 | AF37: =+IF($D37<>"",AF$6*$S37/$T$4*VLOOKUP($M37,CÁRNICOS!$CD$13:$CJ$48,3,FALSE),AF$5*$S37/$T$4*$AC$1) -> 0 | AG37: =+IF($D37<>"",AG$6*$T37/$T$4*VLOOKUP($M37,CÁRNICOS!$CD$13:$CJ$48,3,FALSE),AG$5*$T37/$T$4*$AC$1) -> 0 | AH37: =IF($F37<>"",0,SUM(AC37:AG37)) -> 0 | AI37: =+ROUNDUP(AH37/AI$4,0) -> 0 | AJ37: =+IF(AH37*AI37=0,0,(ROUNDUP(AH37/AI37,3))) -> 0 | AK37: =+IF($D37<>"",AK$6*$P37/$T$4*VLOOKUP($M37,CÁRNICOS!$CD$13:$CJ$48,4,FALSE),AK$5*$P37/$T$4*$AK$1) -> 0 | AL37: =+IF($D37<>"",AL$6*$Q37/$T$4*VLOOKUP($M37,CÁRNICOS!$CD$13:$CJ$48,4,FALSE),AL$5*$Q37/$T$4*$AK$1) -> 0 | AM37: =+IF($D37<>"",AM$6*$R37/$T$4*VLOOKUP($M37,CÁRNICOS!$CD$13:$CJ$48,4,FALSE),AM$5*$R37/$T$4*$AK$1) -> 0 | AN37: =+IF($D37<>"",AN$6*$S37/$T$4*VLOOKUP($M37,CÁRNICOS!$CD$13:$CJ$48,4,FALSE),AN$5*$S37/$T$4*$AK$1) -> 0 | AO37: =+IF($D37<>"",AO$6*$T37/$T$4*VLOOKUP($M37,CÁRNICOS!$CD$13:$CJ$48,4,FALSE),AO$5*$T37/$T$4*$AK$1) -> 0 | AP37: =IF($G37<>"",0,SUM(AK37:AO37)) -> 0 | AQ37: =+ROUNDUP(AP37/AQ$4,0) -> 0 | AR37: =+IF(AP37*AQ37=0,0,(ROUNDUP(AP37/AQ37,3))) -> 0 | AS37: =+IF($D37<>"",AS$6*$P37/$T$4*VLOOKUP($M37,CÁRNICOS!$CD$13:$CJ$48,5,FALSE),AS$5*$P37/$T$4*$AS$1) -> 0.972 | AT37: =+IF($D37<>"",AT$6*$Q37/$T$4*VLOOKUP($M37,CÁRNICOS!$CD$13:$CJ$48,5,FALSE),AT$5*$Q37/$T$4*$AS$1) -> 1.296 | AU37: =+IF($D37<>"",AU$6*$R37/$T$4*VLOOKUP($M37,CÁRNICOS!$CD$13:$CJ$48,5,FALSE),AU$5*$R37/$T$4*$AS$1) -> 0.195 | AV37: =+IF($D37<>"",AV$6*$S37/$T$4*VLOOKUP($M37,CÁRNICOS!$CD$13:$CJ$48,5,FALSE),AV$5*$S37/$T$4*$AS$1) -> 0 | AW37: =+IF($D37<>"",AW$6*$T37/$T$4*VLOOKUP($M37,CÁRNICOS!$CD$13:$CJ$48,5,FALSE),AW$5*$T37/$T$4*$AS$1) -> 0 | AX37: =IF($H37<>"",0,SUM(AS37:AW37)) -> 2.463 | AY37: =+ROUNDUP(AX37/AY$4,0) -> 1 | AZ37: =+IF(AX37*AY37=0,0,(ROUNDUP(AX37/AY37,3))) -> 2.463 | BA37: =+IF($D37<>"",BA$6*$P37/$T$4*VLOOKUP($M37,CÁRNICOS!$CD$13:$CJ$48,6,FALSE),BA$5*$P37/$T$4*$BA$1) -> 0 | BB37: =+IF($D37<>"",BB$6*$Q37/$T$4*VLOOKUP($M37,CÁRNICOS!$CD$13:$CJ$48,6,FALSE),BB$5*$Q37/$T$4*$BA$1) -> 0 | BC37: =+IF($D37<>"",BC$6*$R37/$T$4*VLOOKUP($M37,CÁRNICOS!$CD$13:$CJ$48,6,FALSE),BC$5*$R37/$T$4*$BA$1) -> 0 | BD37: =+IF($D37<>"",BD$6*$S37/$T$4*VLOOKUP($M37,CÁRNICOS!$CD$13:$CJ$48,6,FALSE),BD$5*$S37/$T$4*$BA$1) -> 0 | BE37: =+IF($D37<>"",BE$6*$T37/$T$4*VLOOKUP($M37,CÁRNICOS!$CD$13:$CJ$48,6,FALSE),BE$5*$T37/$T$4*$BA$1) -> 0 | BF37: =IF($I37<>"",0,SUM(BA37:BE37)) -> 0 | BG37: =+ROUNDUP(BF37/BG$4,0) -> 0 | BH37: =+IF(BF37*BG37=0,0,(ROUNDUP(BF37/BG37,3))) -> 0 | BI37: =+IF($D37<>"",BI$6*$P37/$T$4*VLOOKUP($M37,CÁRNICOS!$CD$13:$CJ$48,7,FALSE),BI$5*$P37/$T$4*$BI$1) -> 0 | BJ37: =+IF($D37<>"",BJ$6*$Q37/$T$4*VLOOKUP($M37,CÁRNICOS!$CD$13:$CJ$48,7,FALSE),BJ$5*$Q37/$T$4*$BI$1) -> 0 | BK37: =+IF($D37<>"",BK$6*$R37/$T$4*VLOOKUP($M37,CÁRNICOS!$CD$13:$CJ$48,7,FALSE),BK$5*$R37/$T$4*$BI$1) -> 0 | BL37: =+IF($D37<>"",BL$6*$S37/$T$4*VLOOKUP($M37,CÁRNICOS!$CD$13:$CJ$48,7,FALSE),BL$5*$S37/$T$4*$BI$1) -> 0 | BM37: =+IF($D37<>"",BM$6*$T37/$T$4*VLOOKUP($M37,CÁRNICOS!$CD$13:$CJ$48,7,FALSE),BM$5*$T37/$T$4*$BI$1) -> 0 | BN37: =IF($J37<>"",0,SUM(BI37:BM37)) -> 0 | BO37: =+ROUNDUP(BN37/BO$4,0) -> 0 | BP37: =+IF(BN37*BO37=0,0,(ROUNDUP(BN37/BO37,3))) -> 0 | BR37: =+L37 -> 4 SUPIA | BS37: =+M37 -> MARMATO | BT37: =+N37 -> INSTITUCION EDUCATIVA GENERAL RAMON MARIN | BU37: =+O37 -> ESCUELA JOSE ANTONIO GALAN | BV37: =+Z37 -> 0 | BW37: =+AH37 -> 0 | BX37: =+AP37 -> 0 | BY37: =+AX37 -> 2.463 | BZ37: =+BF37 -> 0 | CA37: =+BN37 -> 0 | CD37: =+CONSOLIDADO!C35 -> RISARALDA | CE37: =+CE$11 -> 0 | CF37: =+CF$11 -> 0 | CG37: =+CG$11 -> 0 | CH37: =+CH$11 -> 1 | CI37: =+CI$11 -> 0 | CJ37: =+CJ$11 -> 0
B38: =+COUNTIF($M$8:M38,M38) -> 1 | C38: =SUM(P38:T38) -> 71 | D38: X | L38: 1 | M38: MARQUETALIA | N38: INSTITUCION EDUCATIVA ESCUELA NORMAL SUPERIOR NUESTRA SENORA DE LA CANDELARIA | O38: INSTITUCION EDUCATIVA ESCUELA NORMAL SUPERIOR NUESTRA SENORA DE LA CANDELARIA - SEDE PRINCIPAL | P38: 0 | Q38: 0 | R38: 0 | S38: 38 | T38: 33 | U38: =+IF($D38<>"",U$6*$P38/$T$4*VLOOKUP($M38,CÁRNICOS!$CD$13:$CJ$48,2,FALSE),U$5*$P38/$T$4*$U$1) -> 0 | V38: =+IF($D38<>"",V$6*$Q38/$T$4*VLOOKUP($M38,CÁRNICOS!$CD$13:$CJ$48,2,FALSE),V$5*$Q38/$T$4*$U$1) -> 0 | W38: =+IF($D38<>"",W$6*$R38/$T$4*VLOOKUP($M38,CÁRNICOS!$CD$13:$CJ$48,2,FALSE),W$5*$R38/$T$4*$U$1) -> 0 | X38: =+IF($D38<>"",X$6*$S38/$T$4*VLOOKUP($M38,CÁRNICOS!$CD$13:$CJ$48,2,FALSE),X$5*$S38/$T$4*$U$1) -> 0 | Y38: =+IF($D38<>"",Y$6*$T38/$T$4*VLOOKUP($M38,CÁRNICOS!$CD$13:$CJ$48,2,FALSE),Y$5*$T38/$T$4*$U$1) -> 0 | Z38: =IF($E38<>"",0,SUM(U38:Y38)) -> 0 | AA38: =+ROUNDUP(Z38/AA$4,0) -> 0 | AB38: =+IF(Z38*AA38=0,0,(ROUNDUP(Z38/AA38,3))) -> 0 | AC38: =+IF($D38<>"",AC$6*$P38/$T$4*VLOOKUP($M38,CÁRNICOS!$CD$13:$CJ$48,3,FALSE),AC$5*$P38/$T$4*$AC$1) -> 0 | AD38: =+IF($D38<>"",AD$6*$Q38/$T$4*VLOOKUP($M38,CÁRNICOS!$CD$13:$CJ$48,3,FALSE),AD$5*$Q38/$T$4*$AC$1) -> 0 | AE38: =+IF($D38<>"",AE$6*$R38/$T$4*VLOOKUP($M38,CÁRNICOS!$CD$13:$CJ$48,3,FALSE),AE$5*$R38/$T$4*$AC$1) -> 0 | AF38: =+IF($D38<>"",AF$6*$S38/$T$4*VLOOKUP($M38,CÁRNICOS!$CD$13:$CJ$48,3,FALSE),AF$5*$S38/$T$4*$AC$1) -> 0 | AG38: =+IF($D38<>"",AG$6*$T38/$T$4*VLOOKUP($M38,CÁRNICOS!$CD$13:$CJ$48,3,FALSE),AG$5*$T38/$T$4*$AC$1) -> 0 | AH38: =IF($F38<>"",0,SUM(AC38:AG38)) -> 0 | AI38: =+ROUNDUP(AH38/AI$4,0) -> 0 | AJ38: =+IF(AH38*AI38=0,0,(ROUNDUP(AH38/AI38,3))) -> 0 | AK38: =+IF($D38<>"",AK$6*$P38/$T$4*VLOOKUP($M38,CÁRNICOS!$CD$13:$CJ$48,4,FALSE),AK$5*$P38/$T$4*$AK$1) -> 0 | AL38: =+IF($D38<>"",AL$6*$Q38/$T$4*VLOOKUP($M38,CÁRNICOS!$CD$13:$CJ$48,4,FALSE),AL$5*$Q38/$T$4*$AK$1) -> 0 | AM38: =+IF($D38<>"",AM$6*$R38/$T$4*VLOOKUP($M38,CÁRNICOS!$CD$13:$CJ$48,4,FALSE),AM$5*$R38/$T$4*$AK$1) -> 0 | AN38: =+IF($D38<>"",AN$6*$S38/$T$4*VLOOKUP($M38,CÁRNICOS!$CD$13:$CJ$48,4,FALSE),AN$5*$S38/$T$4*$AK$1) -> 0 | AO38: =+IF($D38<>"",AO$6*$T38/$T$4*VLOOKUP($M38,CÁRNICOS!$CD$13:$CJ$48,4,FALSE),AO$5*$T38/$T$4*$AK$1) -> 0 | AP38: =IF($G38<>"",0,SUM(AK38:AO38)) -> 0 | AQ38: =+ROUNDUP(AP38/AQ$4,0) -> 0 | AR38: =+IF(AP38*AQ38=0,0,(ROUNDUP(AP38/AQ38,3))) -> 0 | AS38: =+IF($D38<>"",AS$6*$P38/$T$4*VLOOKUP($M38,CÁRNICOS!$CD$13:$CJ$48,5,FALSE),AS$5*$P38/$T$4*$AS$1) -> 0 | AT38: =+IF($D38<>"",AT$6*$Q38/$T$4*VLOOKUP($M38,CÁRNICOS!$CD$13:$CJ$48,5,FALSE),AT$5*$Q38/$T$4*$AS$1) -> 0 | AU38: =+IF($D38<>"",AU$6*$R38/$T$4*VLOOKUP($M38,CÁRNICOS!$CD$13:$CJ$48,5,FALSE),AU$5*$R38/$T$4*$AS$1) -> 0 | AV38: =+IF($D38<>"",AV$6*$S38/$T$4*VLOOKUP($M38,CÁRNICOS!$CD$13:$CJ$48,5,FALSE),AV$5*$S38/$T$4*$AS$1) -> 3.04 | AW38: =+IF($D38<>"",AW$6*$T38/$T$4*VLOOKUP($M38,CÁRNICOS!$CD$13:$CJ$48,5,FALSE),AW$5*$T38/$T$4*$AS$1) -> 3.3 | AX38: =IF($H38<>"",0,SUM(AS38:AW38)) -> 6.34 | AY38: =+ROUNDUP(AX38/AY$4,0) -> 1 | AZ38: =+IF(AX38*AY38=0,0,(ROUNDUP(AX38/AY38,3))) -> 6.34 | BA38: =+IF($D38<>"",BA$6*$P38/$T$4*VLOOKUP($M38,CÁRNICOS!$CD$13:$CJ$48,6,FALSE),BA$5*$P38/$T$4*$BA$1) -> 0 | BB38: =+IF($D38<>"",BB$6*$Q38/$T$4*VLOOKUP($M38,CÁRNICOS!$CD$13:$CJ$48,6,FALSE),BB$5*$Q38/$T$4*$BA$1) -> 0 | BC38: =+IF($D38<>"",BC$6*$R38/$T$4*VLOOKUP($M38,CÁRNICOS!$CD$13:$CJ$48,6,FALSE),BC$5*$R38/$T$4*$BA$1) -> 0 | BD38: =+IF($D38<>"",BD$6*$S38/$T$4*VLOOKUP($M38,CÁRNICOS!$CD$13:$CJ$48,6,FALSE),BD$5*$S38/$T$4*$BA$1) -> 0 | BE38: =+IF($D38<>"",BE$6*$T38/$T$4*VLOOKUP($M38,CÁRNICOS!$CD$13:$CJ$48,6,FALSE),BE$5*$T38/$T$4*$BA$1) -> 0 | BF38: =IF($I38<>"",0,SUM(BA38:BE38)) -> 0 | BG38: =+ROUNDUP(BF38/BG$4,0) -> 0 | BH38: =+IF(BF38*BG38=0,0,(ROUNDUP(BF38/BG38,3))) -> 0 | BI38: =+IF($D38<>"",BI$6*$P38/$T$4*VLOOKUP($M38,CÁRNICOS!$CD$13:$CJ$48,7,FALSE),BI$5*$P38/$T$4*$BI$1) -> 0 | BJ38: =+IF($D38<>"",BJ$6*$Q38/$T$4*VLOOKUP($M38,CÁRNICOS!$CD$13:$CJ$48,7,FALSE),BJ$5*$Q38/$T$4*$BI$1) -> 0 | BK38: =+IF($D38<>"",BK$6*$R38/$T$4*VLOOKUP($M38,CÁRNICOS!$CD$13:$CJ$48,7,FALSE),BK$5*$R38/$T$4*$BI$1) -> 0 | BL38: =+IF($D38<>"",BL$6*$S38/$T$4*VLOOKUP($M38,CÁRNICOS!$CD$13:$CJ$48,7,FALSE),BL$5*$S38/$T$4*$BI$1) -> 0 | BM38: =+IF($D38<>"",BM$6*$T38/$T$4*VLOOKUP($M38,CÁRNICOS!$CD$13:$CJ$48,7,FALSE),BM$5*$T38/$T$4*$BI$1) -> 0 | BN38: =IF($J38<>"",0,SUM(BI38:BM38)) -> 0 | BO38: =+ROUNDUP(BN38/BO$4,0) -> 0 | BP38: =+IF(BN38*BO38=0,0,(ROUNDUP(BN38/BO38,3))) -> 0 | BR38: =+L38 -> 1 | BS38: =+M38 -> MARQUETALIA | BT38: =+N38 -> INSTITUCION EDUCATIVA ESCUELA NORMAL SUPERIOR NUESTRA SENORA DE LA CANDELARIA | BU38: =+O38 -> INSTITUCION EDUCATIVA ESCUELA NORMAL SUPERIOR NUESTRA SENORA DE LA CANDELARIA - SEDE PRINCIPAL | BV38: =+Z38 -> 0 | BW38: =+AH38 -> 0 | BX38: =+AP38 -> 0 | BY38: =+AX38 -> 6.34 | BZ38: =+BF38 -> 0 | CA38: =+BN38 -> 0 | CD38: =+CONSOLIDADO!C36 -> SAN JOSÉ | CE38: =+CE$11 -> 0 | CF38: =+CF$11 -> 0 | CG38: =+CG$11 -> 0 | CH38: =+CH$11 -> 1 | CI38: =+CI$11 -> 0 | CJ38: =+CJ$11 -> 0
B39: =+COUNTIF($M$8:M39,M39) -> 1 | C39: =SUM(P39:T39) -> 30 | D39: X | L39: 3 | M39: NEIRA | N39: INSTITUCION EDUCATIVA PUEBLO RICO | O39: INSTITUCION EDUCATIVA PUEBLO RICO - SEDE PRINCIPAL | P39: 0 | Q39: 0 | R39: 0 | S39: 30 | T39: 0 | U39: =+IF($D39<>"",U$6*$P39/$T$4*VLOOKUP($M39,CÁRNICOS!$CD$13:$CJ$48,2,FALSE),U$5*$P39/$T$4*$U$1) -> 0 | V39: =+IF($D39<>"",V$6*$Q39/$T$4*VLOOKUP($M39,CÁRNICOS!$CD$13:$CJ$48,2,FALSE),V$5*$Q39/$T$4*$U$1) -> 0 | W39: =+IF($D39<>"",W$6*$R39/$T$4*VLOOKUP($M39,CÁRNICOS!$CD$13:$CJ$48,2,FALSE),W$5*$R39/$T$4*$U$1) -> 0 | X39: =+IF($D39<>"",X$6*$S39/$T$4*VLOOKUP($M39,CÁRNICOS!$CD$13:$CJ$48,2,FALSE),X$5*$S39/$T$4*$U$1) -> 0 | Y39: =+IF($D39<>"",Y$6*$T39/$T$4*VLOOKUP($M39,CÁRNICOS!$CD$13:$CJ$48,2,FALSE),Y$5*$T39/$T$4*$U$1) -> 0 | Z39: =IF($E39<>"",0,SUM(U39:Y39)) -> 0 | AA39: =+ROUNDUP(Z39/AA$4,0) -> 0 | AB39: =+IF(Z39*AA39=0,0,(ROUNDUP(Z39/AA39,3))) -> 0 | AC39: =+IF($D39<>"",AC$6*$P39/$T$4*VLOOKUP($M39,CÁRNICOS!$CD$13:$CJ$48,3,FALSE),AC$5*$P39/$T$4*$AC$1) -> 0 | AD39: =+IF($D39<>"",AD$6*$Q39/$T$4*VLOOKUP($M39,CÁRNICOS!$CD$13:$CJ$48,3,FALSE),AD$5*$Q39/$T$4*$AC$1) -> 0 | AE39: =+IF($D39<>"",AE$6*$R39/$T$4*VLOOKUP($M39,CÁRNICOS!$CD$13:$CJ$48,3,FALSE),AE$5*$R39/$T$4*$AC$1) -> 0 | AF39: =+IF($D39<>"",AF$6*$S39/$T$4*VLOOKUP($M39,CÁRNICOS!$CD$13:$CJ$48,3,FALSE),AF$5*$S39/$T$4*$AC$1) -> 0 | AG39: =+IF($D39<>"",AG$6*$T39/$T$4*VLOOKUP($M39,CÁRNICOS!$CD$13:$CJ$48,3,FALSE),AG$5*$T39/$T$4*$AC$1) -> 0 | AH39: =IF($F39<>"",0,SUM(AC39:AG39)) -> 0 | AI39: =+ROUNDUP(AH39/AI$4,0) -> 0 | AJ39: =+IF(AH39*AI39=0,0,(ROUNDUP(AH39/AI39,3))) -> 0 | AK39: =+IF($D39<>"",AK$6*$P39/$T$4*VLOOKUP($M39,CÁRNICOS!$CD$13:$CJ$48,4,FALSE),AK$5*$P39/$T$4*$AK$1) -> 0 | AL39: =+IF($D39<>"",AL$6*$Q39/$T$4*VLOOKUP($M39,CÁRNICOS!$CD$13:$CJ$48,4,FALSE),AL$5*$Q39/$T$4*$AK$1) -> 0 | AM39: =+IF($D39<>"",AM$6*$R39/$T$4*VLOOKUP($M39,CÁRNICOS!$CD$13:$CJ$48,4,FALSE),AM$5*$R39/$T$4*$AK$1) -> 0 | AN39: =+IF($D39<>"",AN$6*$S39/$T$4*VLOOKUP($M39,CÁRNICOS!$CD$13:$CJ$48,4,FALSE),AN$5*$S39/$T$4*$AK$1) -> 0 | AO39: =+IF($D39<>"",AO$6*$T39/$T$4*VLOOKUP($M39,CÁRNICOS!$CD$13:$CJ$48,4,FALSE),AO$5*$T39/$T$4*$AK$1) -> 0 | AP39: =IF($G39<>"",0,SUM(AK39:AO39)) -> 0 | AQ39: =+ROUNDUP(AP39/AQ$4,0) -> 0 | AR39: =+IF(AP39*AQ39=0,0,(ROUNDUP(AP39/AQ39,3))) -> 0 | AS39: =+IF($D39<>"",AS$6*$P39/$T$4*VLOOKUP($M39,CÁRNICOS!$CD$13:$CJ$48,5,FALSE),AS$5*$P39/$T$4*$AS$1) -> 0 | AT39: =+IF($D39<>"",AT$6*$Q39/$T$4*VLOOKUP($M39,CÁRNICOS!$CD$13:$CJ$48,5,FALSE),AT$5*$Q39/$T$4*$AS$1) -> 0 | AU39: =+IF($D39<>"",AU$6*$R39/$T$4*VLOOKUP($M39,CÁRNICOS!$CD$13:$CJ$48,5,FALSE),AU$5*$R39/$T$4*$AS$1) -> 0 | AV39: =+IF($D39<>"",AV$6*$S39/$T$4*VLOOKUP($M39,CÁRNICOS!$CD$13:$CJ$48,5,FALSE),AV$5*$S39/$T$4*$AS$1) -> 2.4 | AW39: =+IF($D39<>"",AW$6*$T39/$T$4*VLOOKUP($M39,CÁRNICOS!$CD$13:$CJ$48,5,FALSE),AW$5*$T39/$T$4*$AS$1) -> 0 | AX39: =IF($H39<>"",0,SUM(AS39:AW39)) -> 2.4 | AY39: =+ROUNDUP(AX39/AY$4,0) -> 1 | AZ39: =+IF(AX39*AY39=0,0,(ROUNDUP(AX39/AY39,3))) -> 2.4 | BA39: =+IF($D39<>"",BA$6*$P39/$T$4*VLOOKUP($M39,CÁRNICOS!$CD$13:$CJ$48,6,FALSE),BA$5*$P39/$T$4*$BA$1) -> 0 | BB39: =+IF($D39<>"",BB$6*$Q39/$T$4*VLOOKUP($M39,CÁRNICOS!$CD$13:$CJ$48,6,FALSE),BB$5*$Q39/$T$4*$BA$1) -> 0 | BC39: =+IF($D39<>"",BC$6*$R39/$T$4*VLOOKUP($M39,CÁRNICOS!$CD$13:$CJ$48,6,FALSE),BC$5*$R39/$T$4*$BA$1) -> 0 | BD39: =+IF($D39<>"",BD$6*$S39/$T$4*VLOOKUP($M39,CÁRNICOS!$CD$13:$CJ$48,6,FALSE),BD$5*$S39/$T$4*$BA$1) -> 0 | BE39: =+IF($D39<>"",BE$6*$T39/$T$4*VLOOKUP($M39,CÁRNICOS!$CD$13:$CJ$48,6,FALSE),BE$5*$T39/$T$4*$BA$1) -> 0 | BF39: =IF($I39<>"",0,SUM(BA39:BE39)) -> 0 | BG39: =+ROUNDUP(BF39/BG$4,0) -> 0 | BH39: =+IF(BF39*BG39=0,0,(ROUNDUP(BF39/BG39,3))) -> 0 | BI39: =+IF($D39<>"",BI$6*$P39/$T$4*VLOOKUP($M39,CÁRNICOS!$CD$13:$CJ$48,7,FALSE),BI$5*$P39/$T$4*$BI$1) -> 0 | BJ39: =+IF($D39<>"",BJ$6*$Q39/$T$4*VLOOKUP($M39,CÁRNICOS!$CD$13:$CJ$48,7,FALSE),BJ$5*$Q39/$T$4*$BI$1) -> 0 | BK39: =+IF($D39<>"",BK$6*$R39/$T$4*VLOOKUP($M39,CÁRNICOS!$CD$13:$CJ$48,7,FALSE),BK$5*$R39/$T$4*$BI$1) -> 0 | BL39: =+IF($D39<>"",BL$6*$S39/$T$4*VLOOKUP($M39,CÁRNICOS!$CD$13:$CJ$48,7,FALSE),BL$5*$S39/$T$4*$BI$1) -> 0 | BM39: =+IF($D39<>"",BM$6*$T39/$T$4*VLOOKUP($M39,CÁRNICOS!$CD$13:$CJ$48,7,FALSE),BM$5*$T39/$T$4*$BI$1) -> 0 | BN39: =IF($J39<>"",0,SUM(BI39:BM39)) -> 0 | BO39: =+ROUNDUP(BN39/BO$4,0) -> 0 | BP39: =+IF(BN39*BO39=0,0,(ROUNDUP(BN39/BO39,3))) -> 0 | BR39: =+L39 -> 3 | BS39: =+M39 -> NEIRA | BT39: =+N39 -> INSTITUCION EDUCATIVA PUEBLO RICO | BU39: =+O39 -> INSTITUCION EDUCATIVA PUEBLO RICO - SEDE PRINCIPAL | BV39: =+Z39 -> 0 | BW39: =+AH39 -> 0 | BX39: =+AP39 -> 0 | BY39: =+AX39 -> 2.4 | BZ39: =+BF39 -> 0 | CA39: =+BN39 -> 0 | CD39: =+CONSOLIDADO!C37 -> VITERBO | CE39: =+CE$11 -> 0 | CF39: =+CF$11 -> 0 | CG39: =+CG$11 -> 0 | CH39: =+CH$11 -> 1 | CI39: =+CI$11 -> 0 | CJ39: =+CJ$11 -> 0
B40: =+COUNTIF($M$8:M40,M40) -> 2 | C40: =SUM(P40:T40) -> 35 | D40: X | L40: U | M40: NEIRA | N40: INSTITUCION EDUCATVA NUESTRA SENORA DEL ROSARIO | O40: ESCUELA ABRAHAM MONTOYA | P40: 0 | Q40: 0 | R40: 35 | S40: 0 | T40: 0 | U40: =+IF($D40<>"",U$6*$P40/$T$4*VLOOKUP($M40,CÁRNICOS!$CD$13:$CJ$48,2,FALSE),U$5*$P40/$T$4*$U$1) -> 0 | V40: =+IF($D40<>"",V$6*$Q40/$T$4*VLOOKUP($M40,CÁRNICOS!$CD$13:$CJ$48,2,FALSE),V$5*$Q40/$T$4*$U$1) -> 0 | W40: =+IF($D40<>"",W$6*$R40/$T$4*VLOOKUP($M40,CÁRNICOS!$CD$13:$CJ$48,2,FALSE),W$5*$R40/$T$4*$U$1) -> 0 | X40: =+IF($D40<>"",X$6*$S40/$T$4*VLOOKUP($M40,CÁRNICOS!$CD$13:$CJ$48,2,FALSE),X$5*$S40/$T$4*$U$1) -> 0 | Y40: =+IF($D40<>"",Y$6*$T40/$T$4*VLOOKUP($M40,CÁRNICOS!$CD$13:$CJ$48,2,FALSE),Y$5*$T40/$T$4*$U$1) -> 0 | Z40: =IF($E40<>"",0,SUM(U40:Y40)) -> 0 | AA40: =+ROUNDUP(Z40/AA$4,0) -> 0 | AB40: =+IF(Z40*AA40=0,0,(ROUNDUP(Z40/AA40,3))) -> 0 | AC40: =+IF($D40<>"",AC$6*$P40/$T$4*VLOOKUP($M40,CÁRNICOS!$CD$13:$CJ$48,3,FALSE),AC$5*$P40/$T$4*$AC$1) -> 0 | AD40: =+IF($D40<>"",AD$6*$Q40/$T$4*VLOOKUP($M40,CÁRNICOS!$CD$13:$CJ$48,3,FALSE),AD$5*$Q40/$T$4*$AC$1) -> 0 | AE40: =+IF($D40<>"",AE$6*$R40/$T$4*VLOOKUP($M40,CÁRNICOS!$CD$13:$CJ$48,3,FALSE),AE$5*$R40/$T$4*$AC$1) -> 0 | AF40: =+IF($D40<>"",AF$6*$S40/$T$4*VLOOKUP($M40,CÁRNICOS!$CD$13:$CJ$48,3,FALSE),AF$5*$S40/$T$4*$AC$1) -> 0 | AG40: =+IF($D40<>"",AG$6*$T40/$T$4*VLOOKUP($M40,CÁRNICOS!$CD$13:$CJ$48,3,FALSE),AG$5*$T40/$T$4*$AC$1) -> 0 | AH40: =IF($F40<>"",0,SUM(AC40:AG40)) -> 0 | AI40: =+ROUNDUP(AH40/AI$4,0) -> 0 | AJ40: =+IF(AH40*AI40=0,0,(ROUNDUP(AH40/AI40,3))) -> 0 | AK40: =+IF($D40<>"",AK$6*$P40/$T$4*VLOOKUP($M40,CÁRNICOS!$CD$13:$CJ$48,4,FALSE),AK$5*$P40/$T$4*$AK$1) -> 0 | AL40: =+IF($D40<>"",AL$6*$Q40/$T$4*VLOOKUP($M40,CÁRNICOS!$CD$13:$CJ$48,4,FALSE),AL$5*$Q40/$T$4*$AK$1) -> 0 | AM40: =+IF($D40<>"",AM$6*$R40/$T$4*VLOOKUP($M40,CÁRNICOS!$CD$13:$CJ$48,4,FALSE),AM$5*$R40/$T$4*$AK$1) -> 0 | AN40: =+IF($D40<>"",AN$6*$S40/$T$4*VLOOKUP($M40,CÁRNICOS!$CD$13:$CJ$48,4,FALSE),AN$5*$S40/$T$4*$AK$1) -> 0 | AO40: =+IF($D40<>"",AO$6*$T40/$T$4*VLOOKUP($M40,CÁRNICOS!$CD$13:$CJ$48,4,FALSE),AO$5*$T40/$T$4*$AK$1) -> 0 | AP40: =IF($G40<>"",0,SUM(AK40:AO40)) -> 0 | AQ40: =+ROUNDUP(AP40/AQ$4,0) -> 0 | AR40: =+IF(AP40*AQ40=0,0,(ROUNDUP(AP40/AQ40,3))) -> 0 | AS40: =+IF($D40<>"",AS$6*$P40/$T$4*VLOOKUP($M40,CÁRNICOS!$CD$13:$CJ$48,5,FALSE),AS$5*$P40/$T$4*$AS$1) -> 0 | AT40: =+IF($D40<>"",AT$6*$Q40/$T$4*VLOOKUP($M40,CÁRNICOS!$CD$13:$CJ$48,5,FALSE),AT$5*$Q40/$T$4*$AS$1) -> 0 | AU40: =+IF($D40<>"",AU$6*$R40/$T$4*VLOOKUP($M40,CÁRNICOS!$CD$13:$CJ$48,5,FALSE),AU$5*$R40/$T$4*$AS$1) -> 2.275 | AV40: =+IF($D40<>"",AV$6*$S40/$T$4*VLOOKUP($M40,CÁRNICOS!$CD$13:$CJ$48,5,FALSE),AV$5*$S40/$T$4*$AS$1) -> 0 | AW40: =+IF($D40<>"",AW$6*$T40/$T$4*VLOOKUP($M40,CÁRNICOS!$CD$13:$CJ$48,5,FALSE),AW$5*$T40/$T$4*$AS$1) -> 0 | AX40: =IF($H40<>"",0,SUM(AS40:AW40)) -> 2.275 | AY40: =+ROUNDUP(AX40/AY$4,0) -> 1 | AZ40: =+IF(AX40*AY40=0,0,(ROUNDUP(AX40/AY40,3))) -> 2.275 | BA40: =+IF($D40<>"",BA$6*$P40/$T$4*VLOOKUP($M40,CÁRNICOS!$CD$13:$CJ$48,6,FALSE),BA$5*$P40/$T$4*$BA$1) -> 0 | BB40: =+IF($D40<>"",BB$6*$Q40/$T$4*VLOOKUP($M40,CÁRNICOS!$CD$13:$CJ$48,6,FALSE),BB$5*$Q40/$T$4*$BA$1) -> 0 | BC40: =+IF($D40<>"",BC$6*$R40/$T$4*VLOOKUP($M40,CÁRNICOS!$CD$13:$CJ$48,6,FALSE),BC$5*$R40/$T$4*$BA$1) -> 0 | BD40: =+IF($D40<>"",BD$6*$S40/$T$4*VLOOKUP($M40,CÁRNICOS!$CD$13:$CJ$48,6,FALSE),BD$5*$S40/$T$4*$BA$1) -> 0 | BE40: =+IF($D40<>"",BE$6*$T40/$T$4*VLOOKUP($M40,CÁRNICOS!$CD$13:$CJ$48,6,FALSE),BE$5*$T40/$T$4*$BA$1) -> 0 | BF40: =IF($I40<>"",0,SUM(BA40:BE40)) -> 0 | BG40: =+ROUNDUP(BF40/BG$4,0) -> 0 | BH40: =+IF(BF40*BG40=0,0,(ROUNDUP(BF40/BG40,3))) -> 0 | BI40: =+IF($D40<>"",BI$6*$P40/$T$4*VLOOKUP($M40,CÁRNICOS!$CD$13:$CJ$48,7,FALSE),BI$5*$P40/$T$4*$BI$1) -> 0 | BJ40: =+IF($D40<>"",BJ$6*$Q40/$T$4*VLOOKUP($M40,CÁRNICOS!$CD$13:$CJ$48,7,FALSE),BJ$5*$Q40/$T$4*$BI$1) -> 0 | BK40: =+IF($D40<>"",BK$6*$R40/$T$4*VLOOKUP($M40,CÁRNICOS!$CD$13:$CJ$48,7,FALSE),BK$5*$R40/$T$4*$BI$1) -> 0 | BL40: =+IF($D40<>"",BL$6*$S40/$T$4*VLOOKUP($M40,CÁRNICOS!$CD$13:$CJ$48,7,FALSE),BL$5*$S40/$T$4*$BI$1) -> 0 | BM40: =+IF($D40<>"",BM$6*$T40/$T$4*VLOOKUP($M40,CÁRNICOS!$CD$13:$CJ$48,7,FALSE),BM$5*$T40/$T$4*$BI$1) -> 0 | BN40: =IF($J40<>"",0,SUM(BI40:BM40)) -> 0 | BO40: =+ROUNDUP(BN40/BO$4,0) -> 0 | BP40: =+IF(BN40*BO40=0,0,(ROUNDUP(BN40/BO40,3))) -> 0 | BR40: =+L40 -> U | BS40: =+M40 -> NEIRA | BT40: =+N40 -> INSTITUCION EDUCATVA NUESTRA SENORA DEL ROSARIO | BU40: =+O40 -> ESCUELA ABRAHAM MONTOYA | BV40: =+Z40 -> 0 | BW40: =+AH40 -> 0 | BX40: =+AP40 -> 0 | BY40: =+AX40 -> 2.275 | BZ40: =+BF40 -> 0 | CA40: =+BN40 -> 0 | CD40: =+CONSOLIDADO!C38 -> TOTAL OCC. PRÓSPERO | CE40: =+CE$11 -> 0 | CF40: =+CF$11 -> 0 | CG40: =+CG$11 -> 0 | CH40: =+CH$11 -> 1 | CI40: =+CI$11 -> 0 | CJ40: =+CJ$11 -> 0
B41: =+COUNTIF($M$8:M41,M41) -> 1 | C41: =SUM(P41:T41) -> 120 | D41: X | L41: 1 | M41: NORCASIA | N41: INSTITUCION EDUCATIVA SAN GERARDO MARIA MAYELA | O41: INSTITUCIÓN EDUCATIVA SAN GERARDO MARIA MAYELA - SEDE PRINCIPAL | P41: 0 | Q41: 0 | R41: 0 | S41: 120 | T41: 0 | U41: =+IF($D41<>"",U$6*$P41/$T$4*VLOOKUP($M41,CÁRNICOS!$CD$13:$CJ$48,2,FALSE),U$5*$P41/$T$4*$U$1) -> 0 | V41: =+IF($D41<>"",V$6*$Q41/$T$4*VLOOKUP($M41,CÁRNICOS!$CD$13:$CJ$48,2,FALSE),V$5*$Q41/$T$4*$U$1) -> 0 | W41: =+IF($D41<>"",W$6*$R41/$T$4*VLOOKUP($M41,CÁRNICOS!$CD$13:$CJ$48,2,FALSE),W$5*$R41/$T$4*$U$1) -> 0 | X41: =+IF($D41<>"",X$6*$S41/$T$4*VLOOKUP($M41,CÁRNICOS!$CD$13:$CJ$48,2,FALSE),X$5*$S41/$T$4*$U$1) -> 0 | Y41: =+IF($D41<>"",Y$6*$T41/$T$4*VLOOKUP($M41,CÁRNICOS!$CD$13:$CJ$48,2,FALSE),Y$5*$T41/$T$4*$U$1) -> 0 | Z41: =IF($E41<>"",0,SUM(U41:Y41)) -> 0 | AA41: =+ROUNDUP(Z41/AA$4,0) -> 0 | AB41: =+IF(Z41*AA41=0,0,(ROUNDUP(Z41/AA41,3))) -> 0 | AC41: =+IF($D41<>"",AC$6*$P41/$T$4*VLOOKUP($M41,CÁRNICOS!$CD$13:$CJ$48,3,FALSE),AC$5*$P41/$T$4*$AC$1) -> 0 | AD41: =+IF($D41<>"",AD$6*$Q41/$T$4*VLOOKUP($M41,CÁRNICOS!$CD$13:$CJ$48,3,FALSE),AD$5*$Q41/$T$4*$AC$1) -> 0 | AE41: =+IF($D41<>"",AE$6*$R41/$T$4*VLOOKUP($M41,CÁRNICOS!$CD$13:$CJ$48,3,FALSE),AE$5*$R41/$T$4*$AC$1) -> 0 | AF41: =+IF($D41<>"",AF$6*$S41/$T$4*VLOOKUP($M41,CÁRNICOS!$CD$13:$CJ$48,3,FALSE),AF$5*$S41/$T$4*$AC$1) -> 0 | AG41: =+IF($D41<>"",AG$6*$T41/$T$4*VLOOKUP($M41,CÁRNICOS!$CD$13:$CJ$48,3,FALSE),AG$5*$T41/$T$4*$AC$1) -> 0 | AH41: =IF($F41<>"",0,SUM(AC41:AG41)) -> 0 | AI41: =+ROUNDUP(AH41/AI$4,0) -> 0 | AJ41: =+IF(AH41*AI41=0,0,(ROUNDUP(AH41/AI41,3))) -> 0 | AK41: =+IF($D41<>"",AK$6*$P41/$T$4*VLOOKUP($M41,CÁRNICOS!$CD$13:$CJ$48,4,FALSE),AK$5*$P41/$T$4*$AK$1) -> 0 | AL41: =+IF($D41<>"",AL$6*$Q41/$T$4*VLOOKUP($M41,CÁRNICOS!$CD$13:$CJ$48,4,FALSE),AL$5*$Q41/$T$4*$AK$1) -> 0 | AM41: =+IF($D41<>"",AM$6*$R41/$T$4*VLOOKUP($M41,CÁRNICOS!$CD$13:$CJ$48,4,FALSE),AM$5*$R41/$T$4*$AK$1) -> 0 | AN41: =+IF($D41<>"",AN$6*$S41/$T$4*VLOOKUP($M41,CÁRNICOS!$CD$13:$CJ$48,4,FALSE),AN$5*$S41/$T$4*$AK$1) -> 0 | AO41: =+IF($D41<>"",AO$6*$T41/$T$4*VLOOKUP($M41,CÁRNICOS!$CD$13:$CJ$48,4,FALSE),AO$5*$T41/$T$4*$AK$1) -> 0 | AP41: =IF($G41<>"",0,SUM(AK41:AO41)) -> 0 | AQ41: =+ROUNDUP(AP41/AQ$4,0) -> 0 | AR41: =+IF(AP41*AQ41=0,0,(ROUNDUP(AP41/AQ41,3))) -> 0 | AS41: =+IF($D41<>"",AS$6*$P41/$T$4*VLOOKUP($M41,CÁRNICOS!$CD$13:$CJ$48,5,FALSE),AS$5*$P41/$T$4*$AS$1) -> 0 | AT41: =+IF($D41<>"",AT$6*$Q41/$T$4*VLOOKUP($M41,CÁRNICOS!$CD$13:$CJ$48,5,FALSE),AT$5*$Q41/$T$4*$AS$1) -> 0 | AU41: =+IF($D41<>"",AU$6*$R41/$T$4*VLOOKUP($M41,CÁRNICOS!$CD$13:$CJ$48,5,FALSE),AU$5*$R41/$T$4*$AS$1) -> 0 | AV41: =+IF($D41<>"",AV$6*$S41/$T$4*VLOOKUP($M41,CÁRNICOS!$CD$13:$CJ$48,5,FALSE),AV$5*$S41/$T$4*$AS$1) -> 9.6 | AW41: =+IF($D41<>"",AW$6*$T41/$T$4*VLOOKUP($M41,CÁRNICOS!$CD$13:$CJ$48,5,FALSE),AW$5*$T41/$T$4*$AS$1) -> 0 | AX41: =IF($H41<>"",0,SUM(AS41:AW41)) -> 9.6 | AY41: =+ROUNDUP(AX41/AY$4,0) -> 1 | AZ41: =+IF(AX41*AY41=0,0,(ROUNDUP(AX41/AY41,3))) -> 9.6 | BA41: =+IF($D41<>"",BA$6*$P41/$T$4*VLOOKUP($M41,CÁRNICOS!$CD$13:$CJ$48,6,FALSE),BA$5*$P41/$T$4*$BA$1) -> 0 | BB41: =+IF($D41<>"",BB$6*$Q41/$T$4*VLOOKUP($M41,CÁRNICOS!$CD$13:$CJ$48,6,FALSE),BB$5*$Q41/$T$4*$BA$1) -> 0 | BC41: =+IF($D41<>"",BC$6*$R41/$T$4*VLOOKUP($M41,CÁRNICOS!$CD$13:$CJ$48,6,FALSE),BC$5*$R41/$T$4*$BA$1) -> 0 | BD41: =+IF($D41<>"",BD$6*$S41/$T$4*VLOOKUP($M41,CÁRNICOS!$CD$13:$CJ$48,6,FALSE),BD$5*$S41/$T$4*$BA$1) -> 0 | BE41: =+IF($D41<>"",BE$6*$T41/$T$4*VLOOKUP($M41,CÁRNICOS!$CD$13:$CJ$48,6,FALSE),BE$5*$T41/$T$4*$BA$1) -> 0 | BF41: =IF($I41<>"",0,SUM(BA41:BE41)) -> 0 | BG41: =+ROUNDUP(BF41/BG$4,0) -> 0 | BH41: =+IF(BF41*BG41=0,0,(ROUNDUP(BF41/BG41,3))) -> 0 | BI41: =+IF($D41<>"",BI$6*$P41/$T$4*VLOOKUP($M41,CÁRNICOS!$CD$13:$CJ$48,7,FALSE),BI$5*$P41/$T$4*$BI$1) -> 0 | BJ41: =+IF($D41<>"",BJ$6*$Q41/$T$4*VLOOKUP($M41,CÁRNICOS!$CD$13:$CJ$48,7,FALSE),BJ$5*$Q41/$T$4*$BI$1) -> 0 | BK41: =+IF($D41<>"",BK$6*$R41/$T$4*VLOOKUP($M41,CÁRNICOS!$CD$13:$CJ$48,7,FALSE),BK$5*$R41/$T$4*$BI$1) -> 0 | BL41: =+IF($D41<>"",BL$6*$S41/$T$4*VLOOKUP($M41,CÁRNICOS!$CD$13:$CJ$48,7,FALSE),BL$5*$S41/$T$4*$BI$1) -> 0 | BM41: =+IF($D41<>"",BM$6*$T41/$T$4*VLOOKUP($M41,CÁRNICOS!$CD$13:$CJ$48,7,FALSE),BM$5*$T41/$T$4*$BI$1) -> 0 | BN41: =IF($J41<>"",0,SUM(BI41:BM41)) -> 0 | BO41: =+ROUNDUP(BN41/BO$4,0) -> 0 | BP41: =+IF(BN41*BO41=0,0,(ROUNDUP(BN41/BO41,3))) -> 0 | BR41: =+L41 -> 1 | BS41: =+M41 -> NORCASIA | BT41: =+N41 -> INSTITUCION EDUCATIVA SAN GERARDO MARIA MAYELA | BU41: =+O41 -> INSTITUCIÓN EDUCATIVA SAN GERARDO MARIA MAYELA - SEDE PRINCIPAL | BV41: =+Z41 -> 0 | BW41: =+AH41 -> 0 | BX41: =+AP41 -> 0 | BY41: =+AX41 -> 9.6 | BZ41: =+BF41 -> 0 | CA41: =+BN41 -> 0 | CD41: =+CONSOLIDADO!C39 -> FILADELFIA | CE41: =+CE$11 -> 0 | CF41: =+CF$11 -> 0 | CG41: =+CG$11 -> 0 | CH41: =+CH$11 -> 1 | CI41: =+CI$11 -> 0 | CJ41: =+CJ$11 -> 0
B42: =+COUNTIF($M$8:M42,M42) -> 1 | C42: =SUM(P42:T42) -> 47 | D42: X | L42: 1 | M42: PÁCORA | N42: INSTITUCION EDUCATIVA ESCUELA NORMAL SUPERIOR SAN JOSE | O42: INSTITUCION EDUCATIVA ESCUELA NORMAL SUPERIOR SAN JOSE - SEDE PRINCIPAL | P42: 0 | Q42: 29 | R42: 18 | S42: 0 | T42: 0 | U42: =+IF($D42<>"",U$6*$P42/$T$4*VLOOKUP($M42,CÁRNICOS!$CD$13:$CJ$48,2,FALSE),U$5*$P42/$T$4*$U$1) -> 0 | V42: =+IF($D42<>"",V$6*$Q42/$T$4*VLOOKUP($M42,CÁRNICOS!$CD$13:$CJ$48,2,FALSE),V$5*$Q42/$T$4*$U$1) -> 0 | W42: =+IF($D42<>"",W$6*$R42/$T$4*VLOOKUP($M42,CÁRNICOS!$CD$13:$CJ$48,2,FALSE),W$5*$R42/$T$4*$U$1) -> 0 | X42: =+IF($D42<>"",X$6*$S42/$T$4*VLOOKUP($M42,CÁRNICOS!$CD$13:$CJ$48,2,FALSE),X$5*$S42/$T$4*$U$1) -> 0 | Y42: =+IF($D42<>"",Y$6*$T42/$T$4*VLOOKUP($M42,CÁRNICOS!$CD$13:$CJ$48,2,FALSE),Y$5*$T42/$T$4*$U$1) -> 0 | Z42: =IF($E42<>"",0,SUM(U42:Y42)) -> 0 | AA42: =+ROUNDUP(Z42/AA$4,0) -> 0 | AB42: =+IF(Z42*AA42=0,0,(ROUNDUP(Z42/AA42,3))) -> 0 | AC42: =+IF($D42<>"",AC$6*$P42/$T$4*VLOOKUP($M42,CÁRNICOS!$CD$13:$CJ$48,3,FALSE),AC$5*$P42/$T$4*$AC$1) -> 0 | AD42: =+IF($D42<>"",AD$6*$Q42/$T$4*VLOOKUP($M42,CÁRNICOS!$CD$13:$CJ$48,3,FALSE),AD$5*$Q42/$T$4*$AC$1) -> 0 | AE42: =+IF($D42<>"",AE$6*$R42/$T$4*VLOOKUP($M42,CÁRNICOS!$CD$13:$CJ$48,3,FALSE),AE$5*$R42/$T$4*$AC$1) -> 0 | AF42: =+IF($D42<>"",AF$6*$S42/$T$4*VLOOKUP($M42,CÁRNICOS!$CD$13:$CJ$48,3,FALSE),AF$5*$S42/$T$4*$AC$1) -> 0 | AG42: =+IF($D42<>"",AG$6*$T42/$T$4*VLOOKUP($M42,CÁRNICOS!$CD$13:$CJ$48,3,FALSE),AG$5*$T42/$T$4*$AC$1) -> 0 | AH42: =IF($F42<>"",0,SUM(AC42:AG42)) -> 0 | AI42: =+ROUNDUP(AH42/AI$4,0) -> 0 | AJ42: =+IF(AH42*AI42=0,0,(ROUNDUP(AH42/AI42,3))) -> 0 | AK42: =+IF($D42<>"",AK$6*$P42/$T$4*VLOOKUP($M42,CÁRNICOS!$CD$13:$CJ$48,4,FALSE),AK$5*$P42/$T$4*$AK$1) -> 0 | AL42: =+IF($D42<>"",AL$6*$Q42/$T$4*VLOOKUP($M42,CÁRNICOS!$CD$13:$CJ$48,4,FALSE),AL$5*$Q42/$T$4*$AK$1) -> 0 | AM42: =+IF($D42<>"",AM$6*$R42/$T$4*VLOOKUP($M42,CÁRNICOS!$CD$13:$CJ$48,4,FALSE),AM$5*$R42/$T$4*$AK$1) -> 0 | AN42: =+IF($D42<>"",AN$6*$S42/$T$4*VLOOKUP($M42,CÁRNICOS!$CD$13:$CJ$48,4,FALSE),AN$5*$S42/$T$4*$AK$1) -> 0 | AO42: =+IF($D42<>"",AO$6*$T42/$T$4*VLOOKUP($M42,CÁRNICOS!$CD$13:$CJ$48,4,FALSE),AO$5*$T42/$T$4*$AK$1) -> 0 | AP42: =IF($G42<>"",0,SUM(AK42:AO42)) -> 0 | AQ42: =+ROUNDUP(AP42/AQ$4,0) -> 0 | AR42: =+IF(AP42*AQ42=0,0,(ROUNDUP(AP42/AQ42,3))) -> 0 | AS42: =+IF($D42<>"",AS$6*$P42/$T$4*VLOOKUP($M42,CÁRNICOS!$CD$13:$CJ$48,5,FALSE),AS$5*$P42/$T$4*$AS$1) -> 0 | AT42: =+IF($D42<>"",AT$6*$Q42/$T$4*VLOOKUP($M42,CÁRNICOS!$CD$13:$CJ$48,5,FALSE),AT$5*$Q42/$T$4*$AS$1) -> 1.566 | AU42: =+IF($D42<>"",AU$6*$R42/$T$4*VLOOKUP($M42,CÁRNICOS!$CD$13:$CJ$48,5,FALSE),AU$5*$R42/$T$4*$AS$1) -> 1.17 | AV42: =+IF($D42<>"",AV$6*$S42/$T$4*VLOOKUP($M42,CÁRNICOS!$CD$13:$CJ$48,5,FALSE),AV$5*$S42/$T$4*$AS$1) -> 0 | AW42: =+IF($D42<>"",AW$6*$T42/$T$4*VLOOKUP($M42,CÁRNICOS!$CD$13:$CJ$48,5,FALSE),AW$5*$T42/$T$4*$AS$1) -> 0 | AX42: =IF($H42<>"",0,SUM(AS42:AW42)) -> 2.736 | AY42: =+ROUNDUP(AX42/AY$4,0) -> 1 | AZ42: =+IF(AX42*AY42=0,0,(ROUNDUP(AX42/AY42,3))) -> 2.736 | BA42: =+IF($D42<>"",BA$6*$P42/$T$4*VLOOKUP($M42,CÁRNICOS!$CD$13:$CJ$48,6,FALSE),BA$5*$P42/$T$4*$BA$1) -> 0 | BB42: =+IF($D42<>"",BB$6*$Q42/$T$4*VLOOKUP($M42,CÁRNICOS!$CD$13:$CJ$48,6,FALSE),BB$5*$Q42/$T$4*$BA$1) -> 0 | BC42: =+IF($D42<>"",BC$6*$R42/$T$4*VLOOKUP($M42,CÁRNICOS!$CD$13:$CJ$48,6,FALSE),BC$5*$R42/$T$4*$BA$1) -> 0 | BD42: =+IF($D42<>"",BD$6*$S42/$T$4*VLOOKUP($M42,CÁRNICOS!$CD$13:$CJ$48,6,FALSE),BD$5*$S42/$T$4*$BA$1) -> 0 | BE42: =+IF($D42<>"",BE$6*$T42/$T$4*VLOOKUP($M42,CÁRNICOS!$CD$13:$CJ$48,6,FALSE),BE$5*$T42/$T$4*$BA$1) -> 0 | BF42: =IF($I42<>"",0,SUM(BA42:BE42)) -> 0 | BG42: =+ROUNDUP(BF42/BG$4,0) -> 0 | BH42: =+IF(BF42*BG42=0,0,(ROUNDUP(BF42/BG42,3))) -> 0 | BI42: =+IF($D42<>"",BI$6*$P42/$T$4*VLOOKUP($M42,CÁRNICOS!$CD$13:$CJ$48,7,FALSE),BI$5*$P42/$T$4*$BI$1) -> 0 | BJ42: =+IF($D42<>"",BJ$6*$Q42/$T$4*VLOOKUP($M42,CÁRNICOS!$CD$13:$CJ$48,7,FALSE),BJ$5*$Q42/$T$4*$BI$1) -> 0 | BK42: =+IF($D42<>"",BK$6*$R42/$T$4*VLOOKUP($M42,CÁRNICOS!$CD$13:$CJ$48,7,FALSE),BK$5*$R42/$T$4*$BI$1) -> 0 | BL42: =+IF($D42<>"",BL$6*$S42/$T$4*VLOOKUP($M42,CÁRNICOS!$CD$13:$CJ$48,7,FALSE),BL$5*$S42/$T$4*$BI$1) -> 0 | BM42: =+IF($D42<>"",BM$6*$T42/$T$4*VLOOKUP($M42,CÁRNICOS!$CD$13:$CJ$48,7,FALSE),BM$5*$T42/$T$4*$BI$1) -> 0 | BN42: =IF($J42<>"",0,SUM(BI42:BM42)) -> 0 | BO42: =+ROUNDUP(BN42/BO$4,0) -> 0 | BP42: =+IF(BN42*BO42=0,0,(ROUNDUP(BN42/BO42,3))) -> 0 | BR42: =+L42 -> 1 | BS42: =+M42 -> PÁCORA | BT42: =+N42 -> INSTITUCION EDUCATIVA ESCUELA NORMAL SUPERIOR SAN JOSE | BU42: =+O42 -> INSTITUCION EDUCATIVA ESCUELA NORMAL SUPERIOR SAN JOSE - SEDE PRINCIPAL | BV42: =+Z42 -> 0 | BW42: =+AH42 -> 0 | BX42: =+AP42 -> 0 | BY42: =+AX42 -> 2.736 | BZ42: =+BF42 -> 0 | CA42: =+BN42 -> 0 | CD42: =+CONSOLIDADO!C40 -> LA MERCED | CE42: =+CE$11 -> 0 | CF42: =+CF$11 -> 0 | CG42: =+CG$11 -> 0 | CH42: =+CH$11 -> 1 | CI42: =+CI$11 -> 0 | CJ42: =+CJ$11 -> 0
B43: =+B42+1 -> 2 | C43: =SUM(P43:T43) -> 17 | D43: X | L43: 1 | M43: PÁCORA | N43: INSTITUCION EDUCATIVA MARCO FIDEL SUAREZ | O43: ESCUELA NUESTRA SEÑORA DE LOURDES | P43: 0 | Q43: 17 | R43: 0 | S43: 0 | T43: 0 | U43: =+IF($D43<>"",U$6*$P43/$T$4*VLOOKUP($M43,CÁRNICOS!$CD$13:$CJ$48,2,FALSE),U$5*$P43/$T$4*$U$1) -> 0 | V43: =+IF($D43<>"",V$6*$Q43/$T$4*VLOOKUP($M43,CÁRNICOS!$CD$13:$CJ$48,2,FALSE),V$5*$Q43/$T$4*$U$1) -> 0 | W43: =+IF($D43<>"",W$6*$R43/$T$4*VLOOKUP($M43,CÁRNICOS!$CD$13:$CJ$48,2,FALSE),W$5*$R43/$T$4*$U$1) -> 0 | X43: =+IF($D43<>"",X$6*$S43/$T$4*VLOOKUP($M43,CÁRNICOS!$CD$13:$CJ$48,2,FALSE),X$5*$S43/$T$4*$U$1) -> 0 | Y43: =+IF($D43<>"",Y$6*$T43/$T$4*VLOOKUP($M43,CÁRNICOS!$CD$13:$CJ$48,2,FALSE),Y$5*$T43/$T$4*$U$1) -> 0 | Z43: =IF($E43<>"",0,SUM(U43:Y43)) -> 0 | AA43: =+ROUNDUP(Z43/AA$4,0) -> 0 | AB43: =+IF(Z43*AA43=0,0,(ROUNDUP(Z43/AA43,3))) -> 0 | AC43: =+IF($D43<>"",AC$6*$P43/$T$4*VLOOKUP($M43,CÁRNICOS!$CD$13:$CJ$48,3,FALSE),AC$5*$P43/$T$4*$AC$1) -> 0 | AD43: =+IF($D43<>"",AD$6*$Q43/$T$4*VLOOKUP($M43,CÁRNICOS!$CD$13:$CJ$48,3,FALSE),AD$5*$Q43/$T$4*$AC$1) -> 0 | AE43: =+IF($D43<>"",AE$6*$R43/$T$4*VLOOKUP($M43,CÁRNICOS!$CD$13:$CJ$48,3,FALSE),AE$5*$R43/$T$4*$AC$1) -> 0 | AF43: =+IF($D43<>"",AF$6*$S43/$T$4*VLOOKUP($M43,CÁRNICOS!$CD$13:$CJ$48,3,FALSE),AF$5*$S43/$T$4*$AC$1) -> 0 | AG43: =+IF($D43<>"",AG$6*$T43/$T$4*VLOOKUP($M43,CÁRNICOS!$CD$13:$CJ$48,3,FALSE),AG$5*$T43/$T$4*$AC$1) -> 0 | AH43: =IF($F43<>"",0,SUM(AC43:AG43)) -> 0 | AI43: =+ROUNDUP(AH43/AI$4,0) -> 0 | AJ43: =+IF(AH43*AI43=0,0,(ROUNDUP(AH43/AI43,3))) -> 0 | AK43: =+IF($D43<>"",AK$6*$P43/$T$4*VLOOKUP($M43,CÁRNICOS!$CD$13:$CJ$48,4,FALSE),AK$5*$P43/$T$4*$AK$1) -> 0 | AL43: =+IF($D43<>"",AL$6*$Q43/$T$4*VLOOKUP($M43,CÁRNICOS!$CD$13:$CJ$48,4,FALSE),AL$5*$Q43/$T$4*$AK$1) -> 0 | AM43: =+IF($D43<>"",AM$6*$R43/$T$4*VLOOKUP($M43,CÁRNICOS!$CD$13:$CJ$48,4,FALSE),AM$5*$R43/$T$4*$AK$1) -> 0 | AN43: =+IF($D43<>"",AN$6*$S43/$T$4*VLOOKUP($M43,CÁRNICOS!$CD$13:$CJ$48,4,FALSE),AN$5*$S43/$T$4*$AK$1) -> 0 | AO43: =+IF($D43<>"",AO$6*$T43/$T$4*VLOOKUP($M43,CÁRNICOS!$CD$13:$CJ$48,4,FALSE),AO$5*$T43/$T$4*$AK$1) -> 0 | AP43: =IF($G43<>"",0,SUM(AK43:AO43)) -> 0 | AQ43: =+ROUNDUP(AP43/AQ$4,0) -> 0 | AR43: =+IF(AP43*AQ43=0,0,(ROUNDUP(AP43/AQ43,3))) -> 0 | AS43: =+IF($D43<>"",AS$6*$P43/$T$4*VLOOKUP($M43,CÁRNICOS!$CD$13:$CJ$48,5,FALSE),AS$5*$P43/$T$4*$AS$1) -> 0 | AT43: =+IF($D43<>"",AT$6*$Q43/$T$4*VLOOKUP($M43,CÁRNICOS!$CD$13:$CJ$48,5,FALSE),AT$5*$Q43/$T$4*$AS$1) -> 0.918 | AU43: =+IF($D43<>"",AU$6*$R43/$T$4*VLOOKUP($M43,CÁRNICOS!$CD$13:$CJ$48,5,FALSE),AU$5*$R43/$T$4*$AS$1) -> 0 | AV43: =+IF($D43<>"",AV$6*$S43/$T$4*VLOOKUP($M43,CÁRNICOS!$CD$13:$CJ$48,5,FALSE),AV$5*$S43/$T$4*$AS$1) -> 0 | AW43: =+IF($D43<>"",AW$6*$T43/$T$4*VLOOKUP($M43,CÁRNICOS!$CD$13:$CJ$48,5,FALSE),AW$5*$T43/$T$4*$AS$1) -> 0 | AX43: =IF($H43<>"",0,SUM(AS43:AW43)) -> 0.918 | AY43: =+ROUNDUP(AX43/AY$4,0) -> 1 | AZ43: =+IF(AX43*AY43=0,0,(ROUNDUP(AX43/AY43,3))) -> 0.918 | BA43: =+IF($D43<>"",BA$6*$P43/$T$4*VLOOKUP($M43,CÁRNICOS!$CD$13:$CJ$48,6,FALSE),BA$5*$P43/$T$4*$BA$1) -> 0 | BB43: =+IF($D43<>"",BB$6*$Q43/$T$4*VLOOKUP($M43,CÁRNICOS!$CD$13:$CJ$48,6,FALSE),BB$5*$Q43/$T$4*$BA$1) -> 0 | BC43: =+IF($D43<>"",BC$6*$R43/$T$4*VLOOKUP($M43,CÁRNICOS!$CD$13:$CJ$48,6,FALSE),BC$5*$R43/$T$4*$BA$1) -> 0 | BD43: =+IF($D43<>"",BD$6*$S43/$T$4*VLOOKUP($M43,CÁRNICOS!$CD$13:$CJ$48,6,FALSE),BD$5*$S43/$T$4*$BA$1) -> 0 | BE43: =+IF($D43<>"",BE$6*$T43/$T$4*VLOOKUP($M43,CÁRNICOS!$CD$13:$CJ$48,6,FALSE),BE$5*$T43/$T$4*$BA$1) -> 0 | BF43: =IF($I43<>"",0,SUM(BA43:BE43)) -> 0 | BG43: =+ROUNDUP(BF43/BG$4,0) -> 0 | BH43: =+IF(BF43*BG43=0,0,(ROUNDUP(BF43/BG43,3))) -> 0 | BI43: =+IF($D43<>"",BI$6*$P43/$T$4*VLOOKUP($M43,CÁRNICOS!$CD$13:$CJ$48,7,FALSE),BI$5*$P43/$T$4*$BI$1) -> 0 | BJ43: =+IF($D43<>"",BJ$6*$Q43/$T$4*VLOOKUP($M43,CÁRNICOS!$CD$13:$CJ$48,7,FALSE),BJ$5*$Q43/$T$4*$BI$1) -> 0 | BK43: =+IF($D43<>"",BK$6*$R43/$T$4*VLOOKUP($M43,CÁRNICOS!$CD$13:$CJ$48,7,FALSE),BK$5*$R43/$T$4*$BI$1) -> 0 | BL43: =+IF($D43<>"",BL$6*$S43/$T$4*VLOOKUP($M43,CÁRNICOS!$CD$13:$CJ$48,7,FALSE),BL$5*$S43/$T$4*$BI$1) -> 0 | BM43: =+IF($D43<>"",BM$6*$T43/$T$4*VLOOKUP($M43,CÁRNICOS!$CD$13:$CJ$48,7,FALSE),BM$5*$T43/$T$4*$BI$1) -> 0 | BN43: =IF($J43<>"",0,SUM(BI43:BM43)) -> 0 | BO43: =+ROUNDUP(BN43/BO$4,0) -> 0 | BP43: =+IF(BN43*BO43=0,0,(ROUNDUP(BN43/BO43,3))) -> 0 | BR43: =+L43 -> 1 | BS43: =+M43 -> PÁCORA | BT43: =+N43 -> INSTITUCION EDUCATIVA MARCO FIDEL SUAREZ | BU43: =+O43 -> ESCUELA NUESTRA SEÑORA DE LOURDES | BV43: =+Z43 -> 0 | BW43: =+AH43 -> 0 | BX43: =+AP43 -> 0 | BY43: =+AX43 -> 0.918 | BZ43: =+BF43 -> 0 | CA43: =+BN43 -> 0 | CD43: =+CONSOLIDADO!C41 -> MARMATO | CE43: =+CE$11 -> 0 | CF43: =+CF$11 -> 0 | CG43: =+CG$11 -> 0 | CH43: =+CH$11 -> 1 | CI43: =+CI$11 -> 0 | CJ43: =+CJ$11 -> 0
B44: =+B43+1 -> 3 | C44: =SUM(P44:T44) -> 6 | D44: X | L44: 5 | M44: PÁCORA | N44: INSTITUCION EDUCATIVA LAS COLES | O44: ESCUELA RURAL EL CONGO | P44: 1 | Q44: 5 | R44: 0 | S44: 0 | T44: 0 | U44: =+IF($D44<>"",U$6*$P44/$T$4*VLOOKUP($M44,CÁRNICOS!$CD$13:$CJ$48,2,FALSE),U$5*$P44/$T$4*$U$1) -> 0 | V44: =+IF($D44<>"",V$6*$Q44/$T$4*VLOOKUP($M44,CÁRNICOS!$CD$13:$CJ$48,2,FALSE),V$5*$Q44/$T$4*$U$1) -> 0 | W44: =+IF($D44<>"",W$6*$R44/$T$4*VLOOKUP($M44,CÁRNICOS!$CD$13:$CJ$48,2,FALSE),W$5*$R44/$T$4*$U$1) -> 0 | X44: =+IF($D44<>"",X$6*$S44/$T$4*VLOOKUP($M44,CÁRNICOS!$CD$13:$CJ$48,2,FALSE),X$5*$S44/$T$4*$U$1) -> 0 | Y44: =+IF($D44<>"",Y$6*$T44/$T$4*VLOOKUP($M44,CÁRNICOS!$CD$13:$CJ$48,2,FALSE),Y$5*$T44/$T$4*$U$1) -> 0 | Z44: =IF($E44<>"",0,SUM(U44:Y44)) -> 0 | AA44: =+ROUNDUP(Z44/AA$4,0) -> 0 | AB44: =+IF(Z44*AA44=0,0,(ROUNDUP(Z44/AA44,3))) -> 0 | AC44: =+IF($D44<>"",AC$6*$P44/$T$4*VLOOKUP($M44,CÁRNICOS!$CD$13:$CJ$48,3,FALSE),AC$5*$P44/$T$4*$AC$1) -> 0 | AD44: =+IF($D44<>"",AD$6*$Q44/$T$4*VLOOKUP($M44,CÁRNICOS!$CD$13:$CJ$48,3,FALSE),AD$5*$Q44/$T$4*$AC$1) -> 0 | AE44: =+IF($D44<>"",AE$6*$R44/$T$4*VLOOKUP($M44,CÁRNICOS!$CD$13:$CJ$48,3,FALSE),AE$5*$R44/$T$4*$AC$1) -> 0 | AF44: =+IF($D44<>"",AF$6*$S44/$T$4*VLOOKUP($M44,CÁRNICOS!$CD$13:$CJ$48,3,FALSE),AF$5*$S44/$T$4*$AC$1) -> 0 | AG44: =+IF($D44<>"",AG$6*$T44/$T$4*VLOOKUP($M44,CÁRNICOS!$CD$13:$CJ$48,3,FALSE),AG$5*$T44/$T$4*$AC$1) -> 0 | AH44: =IF($F44<>"",0,SUM(AC44:AG44)) -> 0 | AI44: =+ROUNDUP(AH44/AI$4,0) -> 0 | AJ44: =+IF(AH44*AI44=0,0,(ROUNDUP(AH44/AI44,3))) -> 0 | AK44: =+IF($D44<>"",AK$6*$P44/$T$4*VLOOKUP($M44,CÁRNICOS!$CD$13:$CJ$48,4,FALSE),AK$5*$P44/$T$4*$AK$1) -> 0 | AL44: =+IF($D44<>"",AL$6*$Q44/$T$4*VLOOKUP($M44,CÁRNICOS!$CD$13:$CJ$48,4,FALSE),AL$5*$Q44/$T$4*$AK$1) -> 0 | AM44: =+IF($D44<>"",AM$6*$R44/$T$4*VLOOKUP($M44,CÁRNICOS!$CD$13:$CJ$48,4,FALSE),AM$5*$R44/$T$4*$AK$1) -> 0 | AN44: =+IF($D44<>"",AN$6*$S44/$T$4*VLOOKUP($M44,CÁRNICOS!$CD$13:$CJ$48,4,FALSE),AN$5*$S44/$T$4*$AK$1) -> 0 | AO44: =+IF($D44<>"",AO$6*$T44/$T$4*VLOOKUP($M44,CÁRNICOS!$CD$13:$CJ$48,4,FALSE),AO$5*$T44/$T$4*$AK$1) -> 0 | AP44: =IF($G44<>"",0,SUM(AK44:AO44)) -> 0 | AQ44: =+ROUNDUP(AP44/AQ$4,0) -> 0 | AR44: =+IF(AP44*AQ44=0,0,(ROUNDUP(AP44/AQ44,3))) -> 0 | AS44: =+IF($D44<>"",AS$6*$P44/$T$4*VLOOKUP($M44,CÁRNICOS!$CD$13:$CJ$48,5,FALSE),AS$5*$P44/$T$4*$AS$1) -> 0.054 | AT44: =+IF($D44<>"",AT$6*$Q44/$T$4*VLOOKUP($M44,CÁRNICOS!$CD$13:$CJ$48,5,FALSE),AT$5*$Q44/$T$4*$AS$1) -> 0.27 | AU44: =+IF($D44<>"",AU$6*$R44/$T$4*VLOOKUP($M44,CÁRNICOS!$CD$13:$CJ$48,5,FALSE),AU$5*$R44/$T$4*$AS$1) -> 0 | AV44: =+IF($D44<>"",AV$6*$S44/$T$4*VLOOKUP($M44,CÁRNICOS!$CD$13:$CJ$48,5,FALSE),AV$5*$S44/$T$4*$AS$1) -> 0 | AW44: =+IF($D44<>"",AW$6*$T44/$T$4*VLOOKUP($M44,CÁRNICOS!$CD$13:$CJ$48,5,FALSE),AW$5*$T44/$T$4*$AS$1) -> 0 | AX44: =IF($H44<>"",0,SUM(AS44:AW44)) -> 0.324 | AY44: =+ROUNDUP(AX44/AY$4,0) -> 1 | AZ44: =+IF(AX44*AY44=0,0,(ROUNDUP(AX44/AY44,3))) -> 0.324 | BA44: =+IF($D44<>"",BA$6*$P44/$T$4*VLOOKUP($M44,CÁRNICOS!$CD$13:$CJ$48,6,FALSE),BA$5*$P44/$T$4*$BA$1) -> 0 | BB44: =+IF($D44<>"",BB$6*$Q44/$T$4*VLOOKUP($M44,CÁRNICOS!$CD$13:$CJ$48,6,FALSE),BB$5*$Q44/$T$4*$BA$1) -> 0 | BC44: =+IF($D44<>"",BC$6*$R44/$T$4*VLOOKUP($M44,CÁRNICOS!$CD$13:$CJ$48,6,FALSE),BC$5*$R44/$T$4*$BA$1) -> 0 | BD44: =+IF($D44<>"",BD$6*$S44/$T$4*VLOOKUP($M44,CÁRNICOS!$CD$13:$CJ$48,6,FALSE),BD$5*$S44/$T$4*$BA$1) -> 0 | BE44: =+IF($D44<>"",BE$6*$T44/$T$4*VLOOKUP($M44,CÁRNICOS!$CD$13:$CJ$48,6,FALSE),BE$5*$T44/$T$4*$BA$1) -> 0 | BF44: =IF($I44<>"",0,SUM(BA44:BE44)) -> 0 | BG44: =+ROUNDUP(BF44/BG$4,0) -> 0 | BH44: =+IF(BF44*BG44=0,0,(ROUNDUP(BF44/BG44,3))) -> 0 | BI44: =+IF($D44<>"",BI$6*$P44/$T$4*VLOOKUP($M44,CÁRNICOS!$CD$13:$CJ$48,7,FALSE),BI$5*$P44/$T$4*$BI$1) -> 0 | BJ44: =+IF($D44<>"",BJ$6*$Q44/$T$4*VLOOKUP($M44,CÁRNICOS!$CD$13:$CJ$48,7,FALSE),BJ$5*$Q44/$T$4*$BI$1) -> 0 | BK44: =+IF($D44<>"",BK$6*$R44/$T$4*VLOOKUP($M44,CÁRNICOS!$CD$13:$CJ$48,7,FALSE),BK$5*$R44/$T$4*$BI$1) -> 0 | BL44: =+IF($D44<>"",BL$6*$S44/$T$4*VLOOKUP($M44,CÁRNICOS!$CD$13:$CJ$48,7,FALSE),BL$5*$S44/$T$4*$BI$1) -> 0 | BM44: =+IF($D44<>"",BM$6*$T44/$T$4*VLOOKUP($M44,CÁRNICOS!$CD$13:$CJ$48,7,FALSE),BM$5*$T44/$T$4*$BI$1) -> 0 | BN44: =IF($J44<>"",0,SUM(BI44:BM44)) -> 0 | BO44: =+ROUNDUP(BN44/BO$4,0) -> 0 | BP44: =+IF(BN44*BO44=0,0,(ROUNDUP(BN44/BO44,3))) -> 0 | BR44: =+L44 -> 5 | BS44: =+M44 -> PÁCORA | BT44: =+N44 -> INSTITUCION EDUCATIVA LAS COLES | BU44: =+O44 -> ESCUELA RURAL EL CONGO | BV44: =+Z44 -> 0 | BW44: =+AH44 -> 0 | BX44: =+AP44 -> 0 | BY44: =+AX44 -> 0.324 | BZ44: =+BF44 -> 0 | CA44: =+BN44 -> 0 | CD44: =+CONSOLIDADO!C42 -> RIOSUCIO DIF | CE44: =+CE$10 -> 0 | CF44: =+CF$10 -> 0 | CG44: =+CG$10 -> 0 | CH44: =+CH$10 -> 1 | CI44: =+CI$10 -> 0 | CJ44: =+CJ$10 -> 0
B45: =+COUNTIF($M$8:M45,M45) -> 1 | C45: =SUM(P45:T45) -> 111 | D45: X | L45: 1C | M45: PALESTINA | N45: INSTITUCION EDUCATIVA LA SAGRADA FAMILIA | O45: CENTRO EDUCATIVO ANTONIO NARIÑO | P45: 2 | Q45: 109 | R45: 0 | S45: 0 | T45: 0 | U45: =+IF($D45<>"",U$6*$P45/$T$4*VLOOKUP($M45,CÁRNICOS!$CD$13:$CJ$48,2,FALSE),U$5*$P45/$T$4*$U$1) -> 0 | V45: =+IF($D45<>"",V$6*$Q45/$T$4*VLOOKUP($M45,CÁRNICOS!$CD$13:$CJ$48,2,FALSE),V$5*$Q45/$T$4*$U$1) -> 0 | W45: =+IF($D45<>"",W$6*$R45/$T$4*VLOOKUP($M45,CÁRNICOS!$CD$13:$CJ$48,2,FALSE),W$5*$R45/$T$4*$U$1) -> 0 | X45: =+IF($D45<>"",X$6*$S45/$T$4*VLOOKUP($M45,CÁRNICOS!$CD$13:$CJ$48,2,FALSE),X$5*$S45/$T$4*$U$1) -> 0 | Y45: =+IF($D45<>"",Y$6*$T45/$T$4*VLOOKUP($M45,CÁRNICOS!$CD$13:$CJ$48,2,FALSE),Y$5*$T45/$T$4*$U$1) -> 0 | Z45: =IF($E45<>"",0,SUM(U45:Y45)) -> 0 | AA45: =+ROUNDUP(Z45/AA$4,0) -> 0 | AB45: =+IF(Z45*AA45=0,0,(ROUNDUP(Z45/AA45,3))) -> 0 | AC45: =+IF($D45<>"",AC$6*$P45/$T$4*VLOOKUP($M45,CÁRNICOS!$CD$13:$CJ$48,3,FALSE),AC$5*$P45/$T$4*$AC$1) -> 0 | AD45: =+IF($D45<>"",AD$6*$Q45/$T$4*VLOOKUP($M45,CÁRNICOS!$CD$13:$CJ$48,3,FALSE),AD$5*$Q45/$T$4*$AC$1) -> 0 | AE45: =+IF($D45<>"",AE$6*$R45/$T$4*VLOOKUP($M45,CÁRNICOS!$CD$13:$CJ$48,3,FALSE),AE$5*$R45/$T$4*$AC$1) -> 0 | AF45: =+IF($D45<>"",AF$6*$S45/$T$4*VLOOKUP($M45,CÁRNICOS!$CD$13:$CJ$48,3,FALSE),AF$5*$S45/$T$4*$AC$1) -> 0 | AG45: =+IF($D45<>"",AG$6*$T45/$T$4*VLOOKUP($M45,CÁRNICOS!$CD$13:$CJ$48,3,FALSE),AG$5*$T45/$T$4*$AC$1) -> 0 | AH45: =IF($F45<>"",0,SUM(AC45:AG45)) -> 0 | AI45: =+ROUNDUP(AH45/AI$4,0) -> 0 | AJ45: =+IF(AH45*AI45=0,0,(ROUNDUP(AH45/AI45,3))) -> 0 | AK45: =+IF($D45<>"",AK$6*$P45/$T$4*VLOOKUP($M45,CÁRNICOS!$CD$13:$CJ$48,4,FALSE),AK$5*$P45/$T$4*$AK$1) -> 0 | AL45: =+IF($D45<>"",AL$6*$Q45/$T$4*VLOOKUP($M45,CÁRNICOS!$CD$13:$CJ$48,4,FALSE),AL$5*$Q45/$T$4*$AK$1) -> 0 | AM45: =+IF($D45<>"",AM$6*$R45/$T$4*VLOOKUP($M45,CÁRNICOS!$CD$13:$CJ$48,4,FALSE),AM$5*$R45/$T$4*$AK$1) -> 0 | AN45: =+IF($D45<>"",AN$6*$S45/$T$4*VLOOKUP($M45,CÁRNICOS!$CD$13:$CJ$48,4,FALSE),AN$5*$S45/$T$4*$AK$1) -> 0 | AO45: =+IF($D45<>"",AO$6*$T45/$T$4*VLOOKUP($M45,CÁRNICOS!$CD$13:$CJ$48,4,FALSE),AO$5*$T45/$T$4*$AK$1) -> 0 | AP45: =IF($G45<>"",0,SUM(AK45:AO45)) -> 0 | AQ45: =+ROUNDUP(AP45/AQ$4,0) -> 0 | AR45: =+IF(AP45*AQ45=0,0,(ROUNDUP(AP45/AQ45,3))) -> 0 | AS45: =+IF($D45<>"",AS$6*$P45/$T$4*VLOOKUP($M45,CÁRNICOS!$CD$13:$CJ$48,5,FALSE),AS$5*$P45/$T$4*$AS$1) -> 0.108 | AT45: =+IF($D45<>"",AT$6*$Q45/$T$4*VLOOKUP($M45,CÁRNICOS!$CD$13:$CJ$48,5,FALSE),AT$5*$Q45/$T$4*$AS$1) -> 5.886 | AU45: =+IF($D45<>"",AU$6*$R45/$T$4*VLOOKUP($M45,CÁRNICOS!$CD$13:$CJ$48,5,FALSE),AU$5*$R45/$T$4*$AS$1) -> 0 | AV45: =+IF($D45<>"",AV$6*$S45/$T$4*VLOOKUP($M45,CÁRNICOS!$CD$13:$CJ$48,5,FALSE),AV$5*$S45/$T$4*$AS$1) -> 0 | AW45: =+IF($D45<>"",AW$6*$T45/$T$4*VLOOKUP($M45,CÁRNICOS!$CD$13:$CJ$48,5,FALSE),AW$5*$T45/$T$4*$AS$1) -> 0 | AX45: =IF($H45<>"",0,SUM(AS45:AW45)) -> 5.994 | AY45: =+ROUNDUP(AX45/AY$4,0) -> 1 | AZ45: =+IF(AX45*AY45=0,0,(ROUNDUP(AX45/AY45,3))) -> 5.994 | BA45: =+IF($D45<>"",BA$6*$P45/$T$4*VLOOKUP($M45,CÁRNICOS!$CD$13:$CJ$48,6,FALSE),BA$5*$P45/$T$4*$BA$1) -> 0 | BB45: =+IF($D45<>"",BB$6*$Q45/$T$4*VLOOKUP($M45,CÁRNICOS!$CD$13:$CJ$48,6,FALSE),BB$5*$Q45/$T$4*$BA$1) -> 0 | BC45: =+IF($D45<>"",BC$6*$R45/$T$4*VLOOKUP($M45,CÁRNICOS!$CD$13:$CJ$48,6,FALSE),BC$5*$R45/$T$4*$BA$1) -> 0 | BD45: =+IF($D45<>"",BD$6*$S45/$T$4*VLOOKUP($M45,CÁRNICOS!$CD$13:$CJ$48,6,FALSE),BD$5*$S45/$T$4*$BA$1) -> 0 | BE45: =+IF($D45<>"",BE$6*$T45/$T$4*VLOOKUP($M45,CÁRNICOS!$CD$13:$CJ$48,6,FALSE),BE$5*$T45/$T$4*$BA$1) -> 0 | BF45: =IF($I45<>"",0,SUM(BA45:BE45)) -> 0 | BG45: =+ROUNDUP(BF45/BG$4,0) -> 0 | BH45: =+IF(BF45*BG45=0,0,(ROUNDUP(BF45/BG45,3))) -> 0 | BI45: =+IF($D45<>"",BI$6*$P45/$T$4*VLOOKUP($M45,CÁRNICOS!$CD$13:$CJ$48,7,FALSE),BI$5*$P45/$T$4*$BI$1) -> 0 | BJ45: =+IF($D45<>"",BJ$6*$Q45/$T$4*VLOOKUP($M45,CÁRNICOS!$CD$13:$CJ$48,7,FALSE),BJ$5*$Q45/$T$4*$BI$1) -> 0 | BK45: =+IF($D45<>"",BK$6*$R45/$T$4*VLOOKUP($M45,CÁRNICOS!$CD$13:$CJ$48,7,FALSE),BK$5*$R45/$T$4*$BI$1) -> 0 | BL45: =+IF($D45<>"",BL$6*$S45/$T$4*VLOOKUP($M45,CÁRNICOS!$CD$13:$CJ$48,7,FALSE),BL$5*$S45/$T$4*$BI$1) -> 0 | BM45: =+IF($D45<>"",BM$6*$T45/$T$4*VLOOKUP($M45,CÁRNICOS!$CD$13:$CJ$48,7,FALSE),BM$5*$T45/$T$4*$BI$1) -> 0 | BN45: =IF($J45<>"",0,SUM(BI45:BM45)) -> 0 | BO45: =+ROUNDUP(BN45/BO$4,0) -> 0 | BP45: =+IF(BN45*BO45=0,0,(ROUNDUP(BN45/BO45,3))) -> 0 | BR45: =+L45 -> 1C | BS45: =+M45 -> PALESTINA | BT45: =+N45 -> INSTITUCION EDUCATIVA LA SAGRADA FAMILIA | BU45: =+O45 -> CENTRO EDUCATIVO ANTONIO NARIÑO | BV45: =+Z45 -> 0 | BW45: =+AH45 -> 0 | BX45: =+AP45 -> 0 | BY45: =+AX45 -> 5.994 | BZ45: =+BF45 -> 0 | CA45: =+BN45 -> 0 | CD45: =+CONSOLIDADO!C43 -> RIOSUCIO | CE45: =+CE$11 -> 0 | CF45: =+CF$11 -> 0 | CG45: =+CG$11 -> 0 | CH45: =+CH$11 -> 1 | CI45: =+CI$11 -> 0 | CJ45: =+CJ$11 -> 0
B46: =+B45+1 -> 2 | C46: =SUM(P46:T46) -> 56 | D46: X | L46: 1C | M46: PALESTINA | N46: INSTITUCION EDUCATIVA MONSEÑOR ALFONSO DE LOS RIOS | O46: ESCUELA BERNARDO MEJIA RIVERA | P46: 0 | Q46: 56 | R46: 0 | S46: 0 | T46: 0 | U46: =+IF($D46<>"",U$6*$P46/$T$4*VLOOKUP($M46,CÁRNICOS!$CD$13:$CJ$48,2,FALSE),U$5*$P46/$T$4*$U$1) -> 0 | V46: =+IF($D46<>"",V$6*$Q46/$T$4*VLOOKUP($M46,CÁRNICOS!$CD$13:$CJ$48,2,FALSE),V$5*$Q46/$T$4*$U$1) -> 0 | W46: =+IF($D46<>"",W$6*$R46/$T$4*VLOOKUP($M46,CÁRNICOS!$CD$13:$CJ$48,2,FALSE),W$5*$R46/$T$4*$U$1) -> 0 | X46: =+IF($D46<>"",X$6*$S46/$T$4*VLOOKUP($M46,CÁRNICOS!$CD$13:$CJ$48,2,FALSE),X$5*$S46/$T$4*$U$1) -> 0 | Y46: =+IF($D46<>"",Y$6*$T46/$T$4*VLOOKUP($M46,CÁRNICOS!$CD$13:$CJ$48,2,FALSE),Y$5*$T46/$T$4*$U$1) -> 0 | Z46: =IF($E46<>"",0,SUM(U46:Y46)) -> 0 | AA46: =+ROUNDUP(Z46/AA$4,0) -> 0 | AB46: =+IF(Z46*AA46=0,0,(ROUNDUP(Z46/AA46,3))) -> 0 | AC46: =+IF($D46<>"",AC$6*$P46/$T$4*VLOOKUP($M46,CÁRNICOS!$CD$13:$CJ$48,3,FALSE),AC$5*$P46/$T$4*$AC$1) -> 0 | AD46: =+IF($D46<>"",AD$6*$Q46/$T$4*VLOOKUP($M46,CÁRNICOS!$CD$13:$CJ$48,3,FALSE),AD$5*$Q46/$T$4*$AC$1) -> 0 | AE46: =+IF($D46<>"",AE$6*$R46/$T$4*VLOOKUP($M46,CÁRNICOS!$CD$13:$CJ$48,3,FALSE),AE$5*$R46/$T$4*$AC$1) -> 0 | AF46: =+IF($D46<>"",AF$6*$S46/$T$4*VLOOKUP($M46,CÁRNICOS!$CD$13:$CJ$48,3,FALSE),AF$5*$S46/$T$4*$AC$1) -> 0 | AG46: =+IF($D46<>"",AG$6*$T46/$T$4*VLOOKUP($M46,CÁRNICOS!$CD$13:$CJ$48,3,FALSE),AG$5*$T46/$T$4*$AC$1) -> 0 | AH46: =IF($F46<>"",0,SUM(AC46:AG46)) -> 0 | AI46: =+ROUNDUP(AH46/AI$4,0) -> 0 | AJ46: =+IF(AH46*AI46=0,0,(ROUNDUP(AH46/AI46,3))) -> 0 | AK46: =+IF($D46<>"",AK$6*$P46/$T$4*VLOOKUP($M46,CÁRNICOS!$CD$13:$CJ$48,4,FALSE),AK$5*$P46/$T$4*$AK$1) -> 0 | AL46: =+IF($D46<>"",AL$6*$Q46/$T$4*VLOOKUP($M46,CÁRNICOS!$CD$13:$CJ$48,4,FALSE),AL$5*$Q46/$T$4*$AK$1) -> 0 | AM46: =+IF($D46<>"",AM$6*$R46/$T$4*VLOOKUP($M46,CÁRNICOS!$CD$13:$CJ$48,4,FALSE),AM$5*$R46/$T$4*$AK$1) -> 0 | AN46: =+IF($D46<>"",AN$6*$S46/$T$4*VLOOKUP($M46,CÁRNICOS!$CD$13:$CJ$48,4,FALSE),AN$5*$S46/$T$4*$AK$1) -> 0 | AO46: =+IF($D46<>"",AO$6*$T46/$T$4*VLOOKUP($M46,CÁRNICOS!$CD$13:$CJ$48,4,FALSE),AO$5*$T46/$T$4*$AK$1) -> 0 | AP46: =IF($G46<>"",0,SUM(AK46:AO46)) -> 0 | AQ46: =+ROUNDUP(AP46/AQ$4,0) -> 0 | AR46: =+IF(AP46*AQ46=0,0,(ROUNDUP(AP46/AQ46,3))) -> 0 | AS46: =+IF($D46<>"",AS$6*$P46/$T$4*VLOOKUP($M46,CÁRNICOS!$CD$13:$CJ$48,5,FALSE),AS$5*$P46/$T$4*$AS$1) -> 0 | AT46: =+IF($D46<>"",AT$6*$Q46/$T$4*VLOOKUP($M46,CÁRNICOS!$CD$13:$CJ$48,5,FALSE),AT$5*$Q46/$T$4*$AS$1) -> 3.024 | AU46: =+IF($D46<>"",AU$6*$R46/$T$4*VLOOKUP($M46,CÁRNICOS!$CD$13:$CJ$48,5,FALSE),AU$5*$R46/$T$4*$AS$1) -> 0 | AV46: =+IF($D46<>"",AV$6*$S46/$T$4*VLOOKUP($M46,CÁRNICOS!$CD$13:$CJ$48,5,FALSE),AV$5*$S46/$T$4*$AS$1) -> 0 | AW46: =+IF($D46<>"",AW$6*$T46/$T$4*VLOOKUP($M46,CÁRNICOS!$CD$13:$CJ$48,5,FALSE),AW$5*$T46/$T$4*$AS$1) -> 0 | AX46: =IF($H46<>"",0,SUM(AS46:AW46)) -> 3.024 | AY46: =+ROUNDUP(AX46/AY$4,0) -> 1 | AZ46: =+IF(AX46*AY46=0,0,(ROUNDUP(AX46/AY46,3))) -> 3.024 | BA46: =+IF($D46<>"",BA$6*$P46/$T$4*VLOOKUP($M46,CÁRNICOS!$CD$13:$CJ$48,6,FALSE),BA$5*$P46/$T$4*$BA$1) -> 0 | BB46: =+IF($D46<>"",BB$6*$Q46/$T$4*VLOOKUP($M46,CÁRNICOS!$CD$13:$CJ$48,6,FALSE),BB$5*$Q46/$T$4*$BA$1) -> 0 | BC46: =+IF($D46<>"",BC$6*$R46/$T$4*VLOOKUP($M46,CÁRNICOS!$CD$13:$CJ$48,6,FALSE),BC$5*$R46/$T$4*$BA$1) -> 0 | BD46: =+IF($D46<>"",BD$6*$S46/$T$4*VLOOKUP($M46,CÁRNICOS!$CD$13:$CJ$48,6,FALSE),BD$5*$S46/$T$4*$BA$1) -> 0 | BE46: =+IF($D46<>"",BE$6*$T46/$T$4*VLOOKUP($M46,CÁRNICOS!$CD$13:$CJ$48,6,FALSE),BE$5*$T46/$T$4*$BA$1) -> 0 | BF46: =IF($I46<>"",0,SUM(BA46:BE46)) -> 0 | BG46: =+ROUNDUP(BF46/BG$4,0) -> 0 | BH46: =+IF(BF46*BG46=0,0,(ROUNDUP(BF46/BG46,3))) -> 0 | BI46: =+IF($D46<>"",BI$6*$P46/$T$4*VLOOKUP($M46,CÁRNICOS!$CD$13:$CJ$48,7,FALSE),BI$5*$P46/$T$4*$BI$1) -> 0 | BJ46: =+IF($D46<>"",BJ$6*$Q46/$T$4*VLOOKUP($M46,CÁRNICOS!$CD$13:$CJ$48,7,FALSE),BJ$5*$Q46/$T$4*$BI$1) -> 0 | BK46: =+IF($D46<>"",BK$6*$R46/$T$4*VLOOKUP($M46,CÁRNICOS!$CD$13:$CJ$48,7,FALSE),BK$5*$R46/$T$4*$BI$1) -> 0 | BL46: =+IF($D46<>"",BL$6*$S46/$T$4*VLOOKUP($M46,CÁRNICOS!$CD$13:$CJ$48,7,FALSE),BL$5*$S46/$T$4*$BI$1) -> 0 | BM46: =+IF($D46<>"",BM$6*$T46/$T$4*VLOOKUP($M46,CÁRNICOS!$CD$13:$CJ$48,7,FALSE),BM$5*$T46/$T$4*$BI$1) -> 0 | BN46: =IF($J46<>"",0,SUM(BI46:BM46)) -> 0 | BO46: =+ROUNDUP(BN46/BO$4,0) -> 0 | BP46: =+IF(BN46*BO46=0,0,(ROUNDUP(BN46/BO46,3))) -> 0 | BR46: =+L46 -> 1C | BS46: =+M46 -> PALESTINA | BT46: =+N46 -> INSTITUCION EDUCATIVA MONSEÑOR ALFONSO DE LOS RIOS | BU46: =+O46 -> ESCUELA BERNARDO MEJIA RIVERA | BV46: =+Z46 -> 0 | BW46: =+AH46 -> 0 | BX46: =+AP46 -> 0 | BY46: =+AX46 -> 3.024 | BZ46: =+BF46 -> 0 | CA46: =+BN46 -> 0 | CD46: =+CONSOLIDADO!C44 -> SUPÍA | CE46: =+CE$11 -> 0 | CF46: =+CF$11 -> 0 | CG46: =+CG$11 -> 0 | CH46: =+CH$11 -> 1 | CI46: =+CI$11 -> 0 | CJ46: =+CJ$11 -> 0
B47: =+B46+1 -> 3 | C47: =SUM(P47:T47) -> 27 | D47: X | L47: 1C | M47: PALESTINA | N47: INSTITUCION EDUCATIVA SANTAGUEDA | O47: INSTITUCION EDUCATIVA SANTAGUEDA - SEDE PRINCIPAL | P47: 0 | Q47: 20 | R47: 0 | S47: 7 | T47: 0 | U47: =+IF($D47<>"",U$6*$P47/$T$4*VLOOKUP($M47,CÁRNICOS!$CD$13:$CJ$48,2,FALSE),U$5*$P47/$T$4*$U$1) -> 0 | V47: =+IF($D47<>"",V$6*$Q47/$T$4*VLOOKUP($M47,CÁRNICOS!$CD$13:$CJ$48,2,FALSE),V$5*$Q47/$T$4*$U$1) -> 0 | W47: =+IF($D47<>"",W$6*$R47/$T$4*VLOOKUP($M47,CÁRNICOS!$CD$13:$CJ$48,2,FALSE),W$5*$R47/$T$4*$U$1) -> 0 | X47: =+IF($D47<>"",X$6*$S47/$T$4*VLOOKUP($M47,CÁRNICOS!$CD$13:$CJ$48,2,FALSE),X$5*$S47/$T$4*$U$1) -> 0 | Y47: =+IF($D47<>"",Y$6*$T47/$T$4*VLOOKUP($M47,CÁRNICOS!$CD$13:$CJ$48,2,FALSE),Y$5*$T47/$T$4*$U$1) -> 0 | Z47: =IF($E47<>"",0,SUM(U47:Y47)) -> 0 | AA47: =+ROUNDUP(Z47/AA$4,0) -> 0 | AB47: =+IF(Z47*AA47=0,0,(ROUNDUP(Z47/AA47,3))) -> 0 | AC47: =+IF($D47<>"",AC$6*$P47/$T$4*VLOOKUP($M47,CÁRNICOS!$CD$13:$CJ$48,3,FALSE),AC$5*$P47/$T$4*$AC$1) -> 0 | AD47: =+IF($D47<>"",AD$6*$Q47/$T$4*VLOOKUP($M47,CÁRNICOS!$CD$13:$CJ$48,3,FALSE),AD$5*$Q47/$T$4*$AC$1) -> 0 | AE47: =+IF($D47<>"",AE$6*$R47/$T$4*VLOOKUP($M47,CÁRNICOS!$CD$13:$CJ$48,3,FALSE),AE$5*$R47/$T$4*$AC$1) -> 0 | AF47: =+IF($D47<>"",AF$6*$S47/$T$4*VLOOKUP($M47,CÁRNICOS!$CD$13:$CJ$48,3,FALSE),AF$5*$S47/$T$4*$AC$1) -> 0 | AG47: =+IF($D47<>"",AG$6*$T47/$T$4*VLOOKUP($M47,CÁRNICOS!$CD$13:$CJ$48,3,FALSE),AG$5*$T47/$T$4*$AC$1) -> 0 | AH47: =IF($F47<>"",0,SUM(AC47:AG47)) -> 0 | AI47: =+ROUNDUP(AH47/AI$4,0) -> 0 | AJ47: =+IF(AH47*AI47=0,0,(ROUNDUP(AH47/AI47,3))) -> 0 | AK47: =+IF($D47<>"",AK$6*$P47/$T$4*VLOOKUP($M47,CÁRNICOS!$CD$13:$CJ$48,4,FALSE),AK$5*$P47/$T$4*$AK$1) -> 0 | AL47: =+IF($D47<>"",AL$6*$Q47/$T$4*VLOOKUP($M47,CÁRNICOS!$CD$13:$CJ$48,4,FALSE),AL$5*$Q47/$T$4*$AK$1) -> 0 | AM47: =+IF($D47<>"",AM$6*$R47/$T$4*VLOOKUP($M47,CÁRNICOS!$CD$13:$CJ$48,4,FALSE),AM$5*$R47/$T$4*$AK$1) -> 0 | AN47: =+IF($D47<>"",AN$6*$S47/$T$4*VLOOKUP($M47,CÁRNICOS!$CD$13:$CJ$48,4,FALSE),AN$5*$S47/$T$4*$AK$1) -> 0 | AO47: =+IF($D47<>"",AO$6*$T47/$T$4*VLOOKUP($M47,CÁRNICOS!$CD$13:$CJ$48,4,FALSE),AO$5*$T47/$T$4*$AK$1) -> 0 | AP47: =IF($G47<>"",0,SUM(AK47:AO47)) -> 0 | AQ47: =+ROUNDUP(AP47/AQ$4,0) -> 0 | AR47: =+IF(AP47*AQ47=0,0,(ROUNDUP(AP47/AQ47,3))) -> 0 | AS47: =+IF($D47<>"",AS$6*$P47/$T$4*VLOOKUP($M47,CÁRNICOS!$CD$13:$CJ$48,5,FALSE),AS$5*$P47/$T$4*$AS$1) -> 0 | AT47: =+IF($D47<>"",AT$6*$Q47/$T$4*VLOOKUP($M47,CÁRNICOS!$CD$13:$CJ$48,5,FALSE),AT$5*$Q47/$T$4*$AS$1) -> 1.08 | AU47: =+IF($D47<>"",AU$6*$R47/$T$4*VLOOKUP($M47,CÁRNICOS!$CD$13:$CJ$48,5,FALSE),AU$5*$R47/$T$4*$AS$1) -> 0 | AV47: =+IF($D47<>"",AV$6*$S47/$T$4*VLOOKUP($M47,CÁRNICOS!$CD$13:$CJ$48,5,FALSE),AV$5*$S47/$T$4*$AS$1) -> 0.56 | AW47: =+IF($D47<>"",AW$6*$T47/$T$4*VLOOKUP($M47,CÁRNICOS!$CD$13:$CJ$48,5,FALSE),AW$5*$T47/$T$4*$AS$1) -> 0 | AX47: =IF($H47<>"",0,SUM(AS47:AW47)) -> 1.64 | AY47: =+ROUNDUP(AX47/AY$4,0) -> 1 | AZ47: =+IF(AX47*AY47=0,0,(ROUNDUP(AX47/AY47,3))) -> 1.64 | BA47: =+IF($D47<>"",BA$6*$P47/$T$4*VLOOKUP($M47,CÁRNICOS!$CD$13:$CJ$48,6,FALSE),BA$5*$P47/$T$4*$BA$1) -> 0 | BB47: =+IF($D47<>"",BB$6*$Q47/$T$4*VLOOKUP($M47,CÁRNICOS!$CD$13:$CJ$48,6,FALSE),BB$5*$Q47/$T$4*$BA$1) -> 0 | BC47: =+IF($D47<>"",BC$6*$R47/$T$4*VLOOKUP($M47,CÁRNICOS!$CD$13:$CJ$48,6,FALSE),BC$5*$R47/$T$4*$BA$1) -> 0 | BD47: =+IF($D47<>"",BD$6*$S47/$T$4*VLOOKUP($M47,CÁRNICOS!$CD$13:$CJ$48,6,FALSE),BD$5*$S47/$T$4*$BA$1) -> 0 | BE47: =+IF($D47<>"",BE$6*$T47/$T$4*VLOOKUP($M47,CÁRNICOS!$CD$13:$CJ$48,6,FALSE),BE$5*$T47/$T$4*$BA$1) -> 0 | BF47: =IF($I47<>"",0,SUM(BA47:BE47)) -> 0 | BG47: =+ROUNDUP(BF47/BG$4,0) -> 0 | BH47: =+IF(BF47*BG47=0,0,(ROUNDUP(BF47/BG47,3))) -> 0 | BI47: =+IF($D47<>"",BI$6*$P47/$T$4*VLOOKUP($M47,CÁRNICOS!$CD$13:$CJ$48,7,FALSE),BI$5*$P47/$T$4*$BI$1) -> 0 | BJ47: =+IF($D47<>"",BJ$6*$Q47/$T$4*VLOOKUP($M47,CÁRNICOS!$CD$13:$CJ$48,7,FALSE),BJ$5*$Q47/$T$4*$BI$1) -> 0 | BK47: =+IF($D47<>"",BK$6*$R47/$T$4*VLOOKUP($M47,CÁRNICOS!$CD$13:$CJ$48,7,FALSE),BK$5*$R47/$T$4*$BI$1) -> 0 | BL47: =+IF($D47<>"",BL$6*$S47/$T$4*VLOOKUP($M47,CÁRNICOS!$CD$13:$CJ$48,7,FALSE),BL$5*$S47/$T$4*$BI$1) -> 0 | BM47: =+IF($D47<>"",BM$6*$T47/$T$4*VLOOKUP($M47,CÁRNICOS!$CD$13:$CJ$48,7,FALSE),BM$5*$T47/$T$4*$BI$1) -> 0 | BN47: =IF($J47<>"",0,SUM(BI47:BM47)) -> 0 | BO47: =+ROUNDUP(BN47/BO$4,0) -> 0 | BP47: =+IF(BN47*BO47=0,0,(ROUNDUP(BN47/BO47,3))) -> 0 | BR47: =+L47 -> 1C | BS47: =+M47 -> PALESTINA | BT47: =+N47 -> INSTITUCION EDUCATIVA SANTAGUEDA | BU47: =+O47 -> INSTITUCION EDUCATIVA SANTAGUEDA - SEDE PRINCIPAL | BV47: =+Z47 -> 0 | BW47: =+AH47 -> 0 | BX47: =+AP47 -> 0 | BY47: =+AX47 -> 1.64 | BZ47: =+BF47 -> 0 | CA47: =+BN47 -> 0 | CD47: =+CONSOLIDADO!C45 -> TOTAL MÓDULO III | CE47: =+CE$11 -> 0 | CF47: =+CF$11 -> 0 | CG47: =+CG$11 -> 0 | CH47: =+CH$11 -> 1 | CI47: =+CI$11 -> 0 | CJ47: =+CJ$11 -> 0
B48: =+B47+1 -> 4 | C48: =SUM(P48:T48) -> 20 | D48: X | L48: 1 | M48: PENSILVANIA | N48: INSTITUCION EDUCATIVA PENSILVANIA | O48: CONCENTRACIÓN ESCOLAR BOYACA | P48: 0 | Q48: 20 | R48: 0 | S48: 0 | T48: 0 | U48: =+IF($D48<>"",U$6*$P48/$T$4*VLOOKUP($M48,CÁRNICOS!$CD$13:$CJ$48,2,FALSE),U$5*$P48/$T$4*$U$1) -> 0 | V48: =+IF($D48<>"",V$6*$Q48/$T$4*VLOOKUP($M48,CÁRNICOS!$CD$13:$CJ$48,2,FALSE),V$5*$Q48/$T$4*$U$1) -> 0 | W48: =+IF($D48<>"",W$6*$R48/$T$4*VLOOKUP($M48,CÁRNICOS!$CD$13:$CJ$48,2,FALSE),W$5*$R48/$T$4*$U$1) -> 0 | X48: =+IF($D48<>"",X$6*$S48/$T$4*VLOOKUP($M48,CÁRNICOS!$CD$13:$CJ$48,2,FALSE),X$5*$S48/$T$4*$U$1) -> 0 | Y48: =+IF($D48<>"",Y$6*$T48/$T$4*VLOOKUP($M48,CÁRNICOS!$CD$13:$CJ$48,2,FALSE),Y$5*$T48/$T$4*$U$1) -> 0 | Z48: =IF($E48<>"",0,SUM(U48:Y48)) -> 0 | AA48: =+ROUNDUP(Z48/AA$4,0) -> 0 | AB48: =+IF(Z48*AA48=0,0,(ROUNDUP(Z48/AA48,3))) -> 0 | AC48: =+IF($D48<>"",AC$6*$P48/$T$4*VLOOKUP($M48,CÁRNICOS!$CD$13:$CJ$48,3,FALSE),AC$5*$P48/$T$4*$AC$1) -> 0 | AD48: =+IF($D48<>"",AD$6*$Q48/$T$4*VLOOKUP($M48,CÁRNICOS!$CD$13:$CJ$48,3,FALSE),AD$5*$Q48/$T$4*$AC$1) -> 0 | AE48: =+IF($D48<>"",AE$6*$R48/$T$4*VLOOKUP($M48,CÁRNICOS!$CD$13:$CJ$48,3,FALSE),AE$5*$R48/$T$4*$AC$1) -> 0 | AF48: =+IF($D48<>"",AF$6*$S48/$T$4*VLOOKUP($M48,CÁRNICOS!$CD$13:$CJ$48,3,FALSE),AF$5*$S48/$T$4*$AC$1) -> 0 | AG48: =+IF($D48<>"",AG$6*$T48/$T$4*VLOOKUP($M48,CÁRNICOS!$CD$13:$CJ$48,3,FALSE),AG$5*$T48/$T$4*$AC$1) -> 0 | AH48: =IF($F48<>"",0,SUM(AC48:AG48)) -> 0 | AI48: =+ROUNDUP(AH48/AI$4,0) -> 0 | AJ48: =+IF(AH48*AI48=0,0,(ROUNDUP(AH48/AI48,3))) -> 0 | AK48: =+IF($D48<>"",AK$6*$P48/$T$4*VLOOKUP($M48,CÁRNICOS!$CD$13:$CJ$48,4,FALSE),AK$5*$P48/$T$4*$AK$1) -> 0 | AL48: =+IF($D48<>"",AL$6*$Q48/$T$4*VLOOKUP($M48,CÁRNICOS!$CD$13:$CJ$48,4,FALSE),AL$5*$Q48/$T$4*$AK$1) -> 0 | AM48: =+IF($D48<>"",AM$6*$R48/$T$4*VLOOKUP($M48,CÁRNICOS!$CD$13:$CJ$48,4,FALSE),AM$5*$R48/$T$4*$AK$1) -> 0 | AN48: =+IF($D48<>"",AN$6*$S48/$T$4*VLOOKUP($M48,CÁRNICOS!$CD$13:$CJ$48,4,FALSE),AN$5*$S48/$T$4*$AK$1) -> 0 | AO48: =+IF($D48<>"",AO$6*$T48/$T$4*VLOOKUP($M48,CÁRNICOS!$CD$13:$CJ$48,4,FALSE),AO$5*$T48/$T$4*$AK$1) -> 0 | AP48: =IF($G48<>"",0,SUM(AK48:AO48)) -> 0 | AQ48: =+ROUNDUP(AP48/AQ$4,0) -> 0 | AR48: =+IF(AP48*AQ48=0,0,(ROUNDUP(AP48/AQ48,3))) -> 0 | AS48: =+IF($D48<>"",AS$6*$P48/$T$4*VLOOKUP($M48,CÁRNICOS!$CD$13:$CJ$48,5,FALSE),AS$5*$P48/$T$4*$AS$1) -> 0 | AT48: =+IF($D48<>"",AT$6*$Q48/$T$4*VLOOKUP($M48,CÁRNICOS!$CD$13:$CJ$48,5,FALSE),AT$5*$Q48/$T$4*$AS$1) -> 1.08 | AU48: =+IF($D48<>"",AU$6*$R48/$T$4*VLOOKUP($M48,CÁRNICOS!$CD$13:$CJ$48,5,FALSE),AU$5*$R48/$T$4*$AS$1) -> 0 | AV48: =+IF($D48<>"",AV$6*$S48/$T$4*VLOOKUP($M48,CÁRNICOS!$CD$13:$CJ$48,5,FALSE),AV$5*$S48/$T$4*$AS$1) -> 0 | AW48: =+IF($D48<>"",AW$6*$T48/$T$4*VLOOKUP($M48,CÁRNICOS!$CD$13:$CJ$48,5,FALSE),AW$5*$T48/$T$4*$AS$1) -> 0 | AX48: =IF($H48<>"",0,SUM(AS48:AW48)) -> 1.08 | AY48: =+ROUNDUP(AX48/AY$4,0) -> 1 | AZ48: =+IF(AX48*AY48=0,0,(ROUNDUP(AX48/AY48,3))) -> 1.08 | BA48: =+IF($D48<>"",BA$6*$P48/$T$4*VLOOKUP($M48,CÁRNICOS!$CD$13:$CJ$48,6,FALSE),BA$5*$P48/$T$4*$BA$1) -> 0 | BB48: =+IF($D48<>"",BB$6*$Q48/$T$4*VLOOKUP($M48,CÁRNICOS!$CD$13:$CJ$48,6,FALSE),BB$5*$Q48/$T$4*$BA$1) -> 0 | BC48: =+IF($D48<>"",BC$6*$R48/$T$4*VLOOKUP($M48,CÁRNICOS!$CD$13:$CJ$48,6,FALSE),BC$5*$R48/$T$4*$BA$1) -> 0 | BD48: =+IF($D48<>"",BD$6*$S48/$T$4*VLOOKUP($M48,CÁRNICOS!$CD$13:$CJ$48,6,FALSE),BD$5*$S48/$T$4*$BA$1) -> 0 | BE48: =+IF($D48<>"",BE$6*$T48/$T$4*VLOOKUP($M48,CÁRNICOS!$CD$13:$CJ$48,6,FALSE),BE$5*$T48/$T$4*$BA$1) -> 0 | BF48: =IF($I48<>"",0,SUM(BA48:BE48)) -> 0 | BG48: =+ROUNDUP(BF48/BG$4,0) -> 0 | BH48: =+IF(BF48*BG48=0,0,(ROUNDUP(BF48/BG48,3))) -> 0 | BI48: =+IF($D48<>"",BI$6*$P48/$T$4*VLOOKUP($M48,CÁRNICOS!$CD$13:$CJ$48,7,FALSE),BI$5*$P48/$T$4*$BI$1) -> 0 | BJ48: =+IF($D48<>"",BJ$6*$Q48/$T$4*VLOOKUP($M48,CÁRNICOS!$CD$13:$CJ$48,7,FALSE),BJ$5*$Q48/$T$4*$BI$1) -> 0 | BK48: =+IF($D48<>"",BK$6*$R48/$T$4*VLOOKUP($M48,CÁRNICOS!$CD$13:$CJ$48,7,FALSE),BK$5*$R48/$T$4*$BI$1) -> 0 | BL48: =+IF($D48<>"",BL$6*$S48/$T$4*VLOOKUP($M48,CÁRNICOS!$CD$13:$CJ$48,7,FALSE),BL$5*$S48/$T$4*$BI$1) -> 0 | BM48: =+IF($D48<>"",BM$6*$T48/$T$4*VLOOKUP($M48,CÁRNICOS!$CD$13:$CJ$48,7,FALSE),BM$5*$T48/$T$4*$BI$1) -> 0 | BN48: =IF($J48<>"",0,SUM(BI48:BM48)) -> 0 | BO48: =+ROUNDUP(BN48/BO$4,0) -> 0 | BP48: =+IF(BN48*BO48=0,0,(ROUNDUP(BN48/BO48,3))) -> 0 | BR48: =+L48 -> 1 | BS48: =+M48 -> PENSILVANIA | BT48: =+N48 -> INSTITUCION EDUCATIVA PENSILVANIA | BU48: =+O48 -> CONCENTRACIÓN ESCOLAR BOYACA | BV48: =+Z48 -> 0 | BW48: =+AH48 -> 0 | BX48: =+AP48 -> 0 | BY48: =+AX48 -> 1.08 | BZ48: =+BF48 -> 0 | CA48: =+BN48 -> 0 | CD48: =+CONSOLIDADO!C46 -> TOTAL DPTO | CE48: =+CE$11 -> 0 | CF48: =+CF$11 -> 0 | CG48: =+CG$11 -> 0 | CH48: =+CH$11 -> 1 | CI48: =+CI$11 -> 0 | CJ48: =+CJ$11 -> 0
